h5.time,h5.resnorm.mean,h5.resnorm.sd,h5.E_star.mean,h5.E_star.sd,h5.gmax.mean,h5.gmax.sd,h5.dmax.mean,h5.dmax.sd,h5.a.mean,h5.a.sd,h5.b.mean,h5.b.sd
2013-09-10 23:49:35,269.848114592569,0.0652472227067815,189.829783669643,13.9517821850192,0.0257200150431661,0.0305877836601637,0.986494804192047,0.0138285761413653,2.89422920231158e-07,9.78017621226393e-08,3.60866481193576,0.130127268668734
2013-09-11 00:49:35,254.834481785562,26.0044157556156,161.080649468392,50.762823651111,0.0457219688214376,0.0408416542204747,0.986098503646272,0.00980234264941365,3.61378421247243e-07,1.42532012953491e-07,3.55431325253253,0.131639010381734
2013-09-11 01:49:35,248.351437892337,24.8784885328648,363.162056723677,406.282525028,0.0751957798064242,0.0677262820640906,0.987274531636256,0.00834202902639686,4.08756481929545e-07,1.5007433384975e-07,3.5152122729479,0.132921402041828
2013-09-11 02:49:35,248.351437892337,24.8784885328648,363.162056723677,406.282525028,0.0751957798064242,0.0677262820640906,0.987274531636256,0.00834202902639686,4.08756481929545e-07,1.5007433384975e-07,3.5152122729479,0.132921402041828
2013-09-11 03:49:35,246.288534261976,22.0336617633268,393.613640570239,358.37914615832,0.0601636999535134,0.067601435526104,0.98079538225187,0.016189162113398,4.16318096581658e-07,1.31063417249322e-07,3.4858241823745,0.132549514062958
2013-09-11 04:49:35,246.288534261976,22.0336617633268,393.613640570239,358.37914615832,0.0601636999535134,0.067601435526104,0.98079538225187,0.016189162113398,4.16318096581658e-07,1.31063417249322e-07,3.4858241823745,0.132549514062958
2013-09-11 05:49:35,246.288534261976,22.0336617633268,393.613640570239,358.37914615832,0.0601636999535134,0.067601435526104,0.98079538225187,0.016189162113398,4.16318096581658e-07,1.31063417249322e-07,3.4858241823745,0.132549514062958
2013-09-11 06:49:35,246.288534261976,22.0336617633268,393.613640570239,358.37914615832,0.0601636999535134,0.067601435526104,0.98079538225187,0.016189162113398,4.16318096581658e-07,1.31063417249322e-07,3.4858241823745,0.132549514062958
NA,NA,NA,NA,NA,NA,NA,NA,NA,NA,NA,NA,NA
NA,NA,NA,NA,NA,NA,NA,NA,NA,NA,NA,NA,NA
2013-09-11 09:49:35,243.521077846476,20.84079390596,379.162509999803,322.492637077989,0.0543328574264353,0.0621285410709562,0.934875157786356,0.11340931736734,3.79185684415089e-07,1.48374498053754e-07,3.54058045285198,0.179011155748122
2013-09-11 10:49:35,239.34185194817,22.0047815854285,576.546268457927,599.49174656202,0.164155347503428,0.296046423668061,0.817025375002867,0.328539282536473,1.24568585661406e-06,2.29654167507141e-06,3.51305847808187,0.178903256636909
2013-09-11 11:49:35,233.775062928443,25.7478274123216,665.746062056702,609.673437546397,0.209729370091191,0.302884333356663,0.810187250244057,0.304782573140179,1.13151469412375e-06,2.15056753424116e-06,3.52814415802431,0.171039930514987
2013-09-11 12:49:35,230.694615644109,25.7969802233121,592.339988220521,611.338738325832,0.193569349968304,0.287440203733134,0.830956261297001,0.291827056935715,1.17891985292421e-06,2.01669243345228e-06,3.47110091104663,0.234271666732374
2013-09-11 13:49:35,230.694615644109,25.7969802233121,592.339988220521,611.338738325832,0.193569349968304,0.287440203733134,0.830956261297001,0.291827056935715,1.17891985292421e-06,2.01669243345228e-06,3.47110091104663,0.234271666732374
2013-09-11 14:49:35,230.694615644109,25.7969802233121,592.339988220521,611.338738325832,0.193569349968304,0.287440203733134,0.830956261297001,0.291827056935715,1.17891985292421e-06,2.01669243345228e-06,3.47110091104663,0.234271666732374
2013-09-11 15:49:35,227.652260302905,26.155319941392,732.213275958941,726.535823072636,0.174212738517258,0.277828088811762,0.782181494612515,0.315420752001625,9.18944855846832e-06,2.54027725953516e-05,3.32749868752288,0.504976301397225
2013-09-11 16:49:35,226.636671961448,25.0406929134409,844.935115485432,784.115563010737,0.158375326476758,0.268753906131731,0.711831364838589,0.379449303682631,0.000857891549974244,0.00281492959009512,3.71319213971466,1.36596295270967
2013-09-11 17:49:35,226.636671961448,25.0406929134409,844.935115485432,784.115563010737,0.158375326476758,0.268753906131731,0.711831364838589,0.379449303682631,0.000857891549974244,0.00281492959009512,3.71319213971466,1.36596295270967
2013-09-11 18:49:35,226.636671961448,25.0406929134409,844.935115485432,784.115563010737,0.158375326476758,0.268753906131731,0.711831364838589,0.379449303682631,0.000857891549974244,0.00281492959009512,3.71319213971466,1.36596295270967
2013-09-11 19:49:35,226.636671961448,25.0406929134409,844.935115485432,784.115563010737,0.158375326476758,0.268753906131731,0.711831364838589,0.379449303682631,0.000857891549974244,0.00281492959009512,3.71319213971466,1.36596295270967
2013-09-11 20:49:35,226.636671961448,25.0406929134409,844.935115485432,784.115563010737,0.158375326476758,0.268753906131731,0.711831364838589,0.379449303682631,0.000857891549974244,0.00281492959009512,3.71319213971466,1.36596295270967
NA,NA,NA,NA,NA,NA,NA,NA,NA,NA,NA,NA,NA
NA,NA,NA,NA,NA,NA,NA,NA,NA,NA,NA,NA,NA
2013-09-11 23:49:35,226.636671961448,25.0406929134409,844.935115485432,784.115563010737,0.158375326476758,0.268753906131731,0.711831364838589,0.379449303682631,0.000857891549974244,0.00281492959009512,3.71319213971466,1.36596295270967
2013-09-12 00:49:35,226.636671961448,25.0406929134409,844.935115485432,784.115563010737,0.158375326476758,0.268753906131731,0.711831364838589,0.379449303682631,0.000857891549974244,0.00281492959009512,3.71319213971466,1.36596295270967
2013-09-12 01:49:35,226.636671961448,25.0406929134409,844.935115485432,784.115563010737,0.158375326476758,0.268753906131731,0.711831364838589,0.379449303682631,0.000857891549974244,0.00281492959009512,3.71319213971466,1.36596295270967
NA,NA,NA,NA,NA,NA,NA,NA,NA,NA,NA,NA,NA
NA,NA,NA,NA,NA,NA,NA,NA,NA,NA,NA,NA,NA
NA,NA,NA,NA,NA,NA,NA,NA,NA,NA,NA,NA,NA
NA,NA,NA,NA,NA,NA,NA,NA,NA,NA,NA,NA,NA
NA,NA,NA,NA,NA,NA,NA,NA,NA,NA,NA,NA,NA
NA,NA,NA,NA,NA,NA,NA,NA,NA,NA,NA,NA,NA
NA,NA,NA,NA,NA,NA,NA,NA,NA,NA,NA,NA,NA
NA,NA,NA,NA,NA,NA,NA,NA,NA,NA,NA,NA,NA
NA,NA,NA,NA,NA,NA,NA,NA,NA,NA,NA,NA,NA
NA,NA,NA,NA,NA,NA,NA,NA,NA,NA,NA,NA,NA
NA,NA,NA,NA,NA,NA,NA,NA,NA,NA,NA,NA,NA
NA,NA,NA,NA,NA,NA,NA,NA,NA,NA,NA,NA,NA
NA,NA,NA,NA,NA,NA,NA,NA,NA,NA,NA,NA,NA
NA,NA,NA,NA,NA,NA,NA,NA,NA,NA,NA,NA,NA
2013-09-12 16:49:35,222.505059316681,27.8365888355222,919.252610677012,790.708546100563,0.213310713377326,0.319182049718486,0.653670954926177,0.414106412956432,0.00463485132624692,0.0133562188647043,3.94235305386349,1.52525680476969
NA,NA,NA,NA,NA,NA,NA,NA,NA,NA,NA,NA,NA
NA,NA,NA,NA,NA,NA,NA,NA,NA,NA,NA,NA,NA
NA,NA,NA,NA,NA,NA,NA,NA,NA,NA,NA,NA,NA
NA,NA,NA,NA,NA,NA,NA,NA,NA,NA,NA,NA,NA
NA,NA,NA,NA,NA,NA,NA,NA,NA,NA,NA,NA,NA
NA,NA,NA,NA,NA,NA,NA,NA,NA,NA,NA,NA,NA
2013-09-12 23:49:35,220.188088280137,24.4894597743352,902.764841255211,808.929557764954,0.218825700043642,0.315792156914444,0.57337281941159,0.438476154943946,0.00756343498466126,0.0158648731118817,4.22107753492055,1.76399769161309
2013-09-13 00:49:35,218.492757577869,21.229847196902,887.865036476754,824.941426723716,0.22107093633459,0.314555505721598,0.491607433313285,0.443896444184059,0.0120421435334767,0.020457170833385,4.42409386880374,1.81500782095433
2013-09-13 01:49:35,220.228539720843,22.6003442307411,935.33290331342,791.417412426893,0.28778207198027,0.364211460307651,0.410787245518274,0.43401680701475,0.0219199364102053,0.0364668259948332,4.55243147581967,1.79385487624456
2013-09-13 02:49:35,219.440015494315,23.5296779677481,932.235323751956,829.969287849305,0.299069786454714,0.379780386048343,0.35805857551028,0.412925563255278,0.0239126078210727,0.0375552736444417,4.65738803414928,1.84236186568454
2013-09-13 03:49:35,222.860214694684,25.3709965259673,854.700906493168,835.682601840388,0.275499559896216,0.371197662712173,0.329635744014886,0.405833864141623,0.0364129128320239,0.0561896078498409,4.77920925253783,1.80660169334187
2013-09-13 04:49:35,221.480514235971,26.1329111064283,885.544627451048,869.278050167625,0.300541758019338,0.378534808197371,0.272795467587665,0.372188733160302,0.0397231370381574,0.0576919328906432,4.90747629185209,1.83657793890746
2013-09-13 05:49:35,221.480514235971,26.1329111064283,885.544627451048,869.278050167625,0.300541758019338,0.378534808197371,0.272795467587665,0.372188733160302,0.0397231370381574,0.0576919328906432,4.90747629185209,1.83657793890746
2013-09-13 06:49:35,221.480514235971,26.1329111064283,885.544627451048,869.278050167625,0.300541758019338,0.378534808197371,0.272795467587665,0.372188733160302,0.0397231370381574,0.0576919328906432,4.90747629185209,1.83657793890746
2013-09-13 07:49:35,225.422726824071,28.4136774376114,811.881477079711,867.21652787522,0.291466805943091,0.36228527657519,0.329732550098665,0.40599667162505,0.0367863287312736,0.0559399600925583,4.55609959758976,2.13259641121827
2013-09-13 08:49:35,227.612747797752,29.7531800831253,796.464602224908,878.579766384664,0.315223358948392,0.352449615909735,0.328112858072951,0.404397900699859,0.0372672985862025,0.0556188112227609,4.29578585442149,2.40466250319964
2013-09-13 09:49:35,230.986154059186,30.3904529415534,650.14401236937,849.084342504389,0.249153677051835,0.321547999089365,0.400883359409728,0.438682522671188,0.0375347484015656,0.0554307478321638,4.08058904492179,2.60444944562392
2013-09-13 10:49:35,235.17132687756,28.3444952126369,542.719519646437,842.271145927745,0.208468081548596,0.313747957741469,0.414395642508914,0.45308827685208,0.0380191748975197,0.0550973008690807,3.82972415545734,2.78979069907765
2013-09-13 11:49:35,237.818625923754,28.1290474808054,591.594803475106,865.350032711321,0.221575253599814,0.325597644377932,0.361421760035128,0.434483164140445,0.0414753218735558,0.0564057661415948,3.90381226638754,2.9135493685768
2013-09-13 12:49:35,237.818625923754,28.1290474808054,591.594803475106,865.350032711321,0.221575253599814,0.325597644377932,0.361421760035128,0.434483164140445,0.0414753218735558,0.0564057661415948,3.90381226638754,2.9135493685768
2013-09-13 13:49:35,236.426618735757,27.2500332131299,669.63330492557,868.236865915085,0.223526087028575,0.310518718420616,0.34671627484677,0.417383774797404,0.0404592010749172,0.0538958547362184,3.62158582812778,2.94497618257247
2013-09-13 14:49:35,239.991705513284,24.7760185913072,562.349271128431,763.307697326193,0.281922521699597,0.32994614848015,0.401188485949135,0.457601348815279,0.0405737784096624,0.0538035941418178,3.53856850446966,3.00714968301639
NA,NA,NA,NA,NA,NA,NA,NA,NA,NA,NA,NA,NA
NA,NA,NA,NA,NA,NA,NA,NA,NA,NA,NA,NA,NA
NA,NA,NA,NA,NA,NA,NA,NA,NA,NA,NA,NA,NA
NA,NA,NA,NA,NA,NA,NA,NA,NA,NA,NA,NA,NA
NA,NA,NA,NA,NA,NA,NA,NA,NA,NA,NA,NA,NA
NA,NA,NA,NA,NA,NA,NA,NA,NA,NA,NA,NA,NA
NA,NA,NA,NA,NA,NA,NA,NA,NA,NA,NA,NA,NA
NA,NA,NA,NA,NA,NA,NA,NA,NA,NA,NA,NA,NA
NA,NA,NA,NA,NA,NA,NA,NA,NA,NA,NA,NA,NA
NA,NA,NA,NA,NA,NA,NA,NA,NA,NA,NA,NA,NA
NA,NA,NA,NA,NA,NA,NA,NA,NA,NA,NA,NA,NA
NA,NA,NA,NA,NA,NA,NA,NA,NA,NA,NA,NA,NA
NA,NA,NA,NA,NA,NA,NA,NA,NA,NA,NA,NA,NA
NA,NA,NA,NA,NA,NA,NA,NA,NA,NA,NA,NA,NA
NA,NA,NA,NA,NA,NA,NA,NA,NA,NA,NA,NA,NA
NA,NA,NA,NA,NA,NA,NA,NA,NA,NA,NA,NA,NA
NA,NA,NA,NA,NA,NA,NA,NA,NA,NA,NA,NA,NA
NA,NA,NA,NA,NA,NA,NA,NA,NA,NA,NA,NA,NA
NA,NA,NA,NA,NA,NA,NA,NA,NA,NA,NA,NA,NA
NA,NA,NA,NA,NA,NA,NA,NA,NA,NA,NA,NA,NA
NA,NA,NA,NA,NA,NA,NA,NA,NA,NA,NA,NA,NA
NA,NA,NA,NA,NA,NA,NA,NA,NA,NA,NA,NA,NA
NA,NA,NA,NA,NA,NA,NA,NA,NA,NA,NA,NA,NA
NA,NA,NA,NA,NA,NA,NA,NA,NA,NA,NA,NA,NA
NA,NA,NA,NA,NA,NA,NA,NA,NA,NA,NA,NA,NA
NA,NA,NA,NA,NA,NA,NA,NA,NA,NA,NA,NA,NA
NA,NA,NA,NA,NA,NA,NA,NA,NA,NA,NA,NA,NA
NA,NA,NA,NA,NA,NA,NA,NA,NA,NA,NA,NA,NA
NA,NA,NA,NA,NA,NA,NA,NA,NA,NA,NA,NA,NA
NA,NA,NA,NA,NA,NA,NA,NA,NA,NA,NA,NA,NA
NA,NA,NA,NA,NA,NA,NA,NA,NA,NA,NA,NA,NA
NA,NA,NA,NA,NA,NA,NA,NA,NA,NA,NA,NA,NA
NA,NA,NA,NA,NA,NA,NA,NA,NA,NA,NA,NA,NA
NA,NA,NA,NA,NA,NA,NA,NA,NA,NA,NA,NA,NA
NA,NA,NA,NA,NA,NA,NA,NA,NA,NA,NA,NA,NA
NA,NA,NA,NA,NA,NA,NA,NA,NA,NA,NA,NA,NA
NA,NA,NA,NA,NA,NA,NA,NA,NA,NA,NA,NA,NA
NA,NA,NA,NA,NA,NA,NA,NA,NA,NA,NA,NA,NA
NA,NA,NA,NA,NA,NA,NA,NA,NA,NA,NA,NA,NA
NA,NA,NA,NA,NA,NA,NA,NA,NA,NA,NA,NA,NA
NA,NA,NA,NA,NA,NA,NA,NA,NA,NA,NA,NA,NA
NA,NA,NA,NA,NA,NA,NA,NA,NA,NA,NA,NA,NA
NA,NA,NA,NA,NA,NA,NA,NA,NA,NA,NA,NA,NA
NA,NA,NA,NA,NA,NA,NA,NA,NA,NA,NA,NA,NA
NA,NA,NA,NA,NA,NA,NA,NA,NA,NA,NA,NA,NA
NA,NA,NA,NA,NA,NA,NA,NA,NA,NA,NA,NA,NA
NA,NA,NA,NA,NA,NA,NA,NA,NA,NA,NA,NA,NA
NA,NA,NA,NA,NA,NA,NA,NA,NA,NA,NA,NA,NA
NA,NA,NA,NA,NA,NA,NA,NA,NA,NA,NA,NA,NA
NA,NA,NA,NA,NA,NA,NA,NA,NA,NA,NA,NA,NA
NA,NA,NA,NA,NA,NA,NA,NA,NA,NA,NA,NA,NA
NA,NA,NA,NA,NA,NA,NA,NA,NA,NA,NA,NA,NA
NA,NA,NA,NA,NA,NA,NA,NA,NA,NA,NA,NA,NA
NA,NA,NA,NA,NA,NA,NA,NA,NA,NA,NA,NA,NA
NA,NA,NA,NA,NA,NA,NA,NA,NA,NA,NA,NA,NA
NA,NA,NA,NA,NA,NA,NA,NA,NA,NA,NA,NA,NA
NA,NA,NA,NA,NA,NA,NA,NA,NA,NA,NA,NA,NA
NA,NA,NA,NA,NA,NA,NA,NA,NA,NA,NA,NA,NA
NA,NA,NA,NA,NA,NA,NA,NA,NA,NA,NA,NA,NA
NA,NA,NA,NA,NA,NA,NA,NA,NA,NA,NA,NA,NA
NA,NA,NA,NA,NA,NA,NA,NA,NA,NA,NA,NA,NA
NA,NA,NA,NA,NA,NA,NA,NA,NA,NA,NA,NA,NA
NA,NA,NA,NA,NA,NA,NA,NA,NA,NA,NA,NA,NA
NA,NA,NA,NA,NA,NA,NA,NA,NA,NA,NA,NA,NA
NA,NA,NA,NA,NA,NA,NA,NA,NA,NA,NA,NA,NA
NA,NA,NA,NA,NA,NA,NA,NA,NA,NA,NA,NA,NA
NA,NA,NA,NA,NA,NA,NA,NA,NA,NA,NA,NA,NA
NA,NA,NA,NA,NA,NA,NA,NA,NA,NA,NA,NA,NA
NA,NA,NA,NA,NA,NA,NA,NA,NA,NA,NA,NA,NA
NA,NA,NA,NA,NA,NA,NA,NA,NA,NA,NA,NA,NA
NA,NA,NA,NA,NA,NA,NA,NA,NA,NA,NA,NA,NA
NA,NA,NA,NA,NA,NA,NA,NA,NA,NA,NA,NA,NA
NA,NA,NA,NA,NA,NA,NA,NA,NA,NA,NA,NA,NA
NA,NA,NA,NA,NA,NA,NA,NA,NA,NA,NA,NA,NA
NA,NA,NA,NA,NA,NA,NA,NA,NA,NA,NA,NA,NA
NA,NA,NA,NA,NA,NA,NA,NA,NA,NA,NA,NA,NA
NA,NA,NA,NA,NA,NA,NA,NA,NA,NA,NA,NA,NA
2013-09-16 20:49:35,242.129061601139,24.7978782388626,434.185249344621,651.213549723732,0.307551732211219,0.333287266620623,0.436902887662753,0.462062820205721,0.0434127662138015,0.0554789993935375,3.17206321745485,2.85904516967863
2013-09-16 21:49:35,242.129061601139,24.7978782388626,434.185249344621,651.213549723732,0.307551732211219,0.333287266620623,0.436902887662753,0.462062820205721,0.0434127662138015,0.0554789993935375,3.17206321745485,2.85904516967863
NA,NA,NA,NA,NA,NA,NA,NA,NA,NA,NA,NA,NA
NA,NA,NA,NA,NA,NA,NA,NA,NA,NA,NA,NA,NA
NA,NA,NA,NA,NA,NA,NA,NA,NA,NA,NA,NA,NA
NA,NA,NA,NA,NA,NA,NA,NA,NA,NA,NA,NA,NA
NA,NA,NA,NA,NA,NA,NA,NA,NA,NA,NA,NA,NA
NA,NA,NA,NA,NA,NA,NA,NA,NA,NA,NA,NA,NA
NA,NA,NA,NA,NA,NA,NA,NA,NA,NA,NA,NA,NA
NA,NA,NA,NA,NA,NA,NA,NA,NA,NA,NA,NA,NA
NA,NA,NA,NA,NA,NA,NA,NA,NA,NA,NA,NA,NA
NA,NA,NA,NA,NA,NA,NA,NA,NA,NA,NA,NA,NA
NA,NA,NA,NA,NA,NA,NA,NA,NA,NA,NA,NA,NA
NA,NA,NA,NA,NA,NA,NA,NA,NA,NA,NA,NA,NA
NA,NA,NA,NA,NA,NA,NA,NA,NA,NA,NA,NA,NA
NA,NA,NA,NA,NA,NA,NA,NA,NA,NA,NA,NA,NA
NA,NA,NA,NA,NA,NA,NA,NA,NA,NA,NA,NA,NA
NA,NA,NA,NA,NA,NA,NA,NA,NA,NA,NA,NA,NA
NA,NA,NA,NA,NA,NA,NA,NA,NA,NA,NA,NA,NA
NA,NA,NA,NA,NA,NA,NA,NA,NA,NA,NA,NA,NA
NA,NA,NA,NA,NA,NA,NA,NA,NA,NA,NA,NA,NA
NA,NA,NA,NA,NA,NA,NA,NA,NA,NA,NA,NA,NA
NA,NA,NA,NA,NA,NA,NA,NA,NA,NA,NA,NA,NA
2013-09-17 19:49:35,242.129061601139,24.7978782388626,434.185249344621,651.213549723732,0.307551732211219,0.333287266620623,0.436902887662753,0.462062820205721,0.0434127662138015,0.0554789993935375,3.17206321745485,2.85904516967863
2013-09-17 20:49:35,242.129061601139,24.7978782388626,434.185249344621,651.213549723732,0.307551732211219,0.333287266620623,0.436902887662753,0.462062820205721,0.0434127662138015,0.0554789993935375,3.17206321745485,2.85904516967863
2013-09-17 21:49:35,242.129061601139,24.7978782388626,434.185249344621,651.213549723732,0.307551732211219,0.333287266620623,0.436902887662753,0.462062820205721,0.0434127662138015,0.0554789993935375,3.17206321745485,2.85904516967863
2013-09-17 22:49:35,242.129061601139,24.7978782388626,434.185249344621,651.213549723732,0.307551732211219,0.333287266620623,0.436902887662753,0.462062820205721,0.0434127662138015,0.0554789993935375,3.17206321745485,2.85904516967863
2013-09-17 23:49:35,242.129061601139,24.7978782388626,434.185249344621,651.213549723732,0.307551732211219,0.333287266620623,0.436902887662753,0.462062820205721,0.0434127662138015,0.0554789993935375,3.17206321745485,2.85904516967863
2013-09-18 00:49:35,243.774430660654,24.3211528671121,406.228869147175,628.414794037134,0.282353228372263,0.329547809684966,0.401537703328728,0.45727576768967,0.0430083013546492,0.0529157029946718,3.05301881012871,2.75700826297918
2013-09-18 01:49:35,250.428928880297,12.419630967577,305.993644498386,473.806997893208,0.218331467030474,0.288135156284138,0.482160684530243,0.467884338449638,0.0392381229777458,0.0542636257249658,2.59781323869413,2.58859167699966
2013-09-18 02:49:35,251.092528894411,12.1432666077312,306.085777141287,473.742581526391,0.216687389007761,0.289111412338978,0.56238456804309,0.462656985843528,0.0363554088136006,0.0554077311621551,2.10887671728732,2.19658565756233
2013-09-18 03:49:35,251.285562884004,12.1333287621613,395.343284769371,510.542667933547,0.222371603611701,0.286717895680909,0.561731067739186,0.463505077015376,0.031876671539361,0.0560428375402395,2.44115747549878,2.98943163586533
2013-09-18 04:49:35,251.7991047928,12.5880204829899,370.083875829688,527.538718191386,0.162018158110388,0.205782312667642,0.611391742168695,0.45140562905402,0.0239987307874696,0.0513386974615225,2.20983893527892,3.02060631844187
2013-09-18 05:49:35,251.621248535999,12.0180097155316,505.909951313753,688.753973692894,0.148516728268336,0.201703134310026,0.589550725765374,0.436997855111289,0.0219990266969861,0.049437253474196,2.27584695563355,2.88909795713692
2013-09-18 06:49:35,250.815688775749,12.260097190237,551.736099919866,702.922304438697,0.160543061042481,0.206986517564816,0.641602191965357,0.417492934246744,0.00818836840103149,0.0130672760851876,1.92644734661734,2.75138484422317
NA,NA,NA,NA,NA,NA,NA,NA,NA,NA,NA,NA,NA
NA,NA,NA,NA,NA,NA,NA,NA,NA,NA,NA,NA,NA
2013-09-18 09:49:35,250.815688775749,12.260097190237,551.736099919866,702.922304438697,0.160543061042481,0.206986517564816,0.641602191965357,0.417492934246744,0.00818836840103149,0.0130672760851876,1.92644734661734,2.75138484422317
2013-09-18 10:49:35,250.815688775749,12.260097190237,551.736099919866,702.922304438697,0.160543061042481,0.206986517564816,0.641602191965357,0.417492934246744,0.00818836840103149,0.0130672760851876,1.92644734661734,2.75138484422317
2013-09-18 11:49:35,251.551453372074,11.9641812795136,618.309675518808,708.777889850731,0.229023160550817,0.308581999757945,0.588805197011732,0.438069784261194,0.00765211073674532,0.0125968848391393,3.01586824767627,4.59608319773839
2013-09-18 12:49:35,250.990214130403,11.216778586481,778.21417924875,770.737086983146,0.21305304947034,0.31557230069783,0.509781298547327,0.451137784794201,0.00738809722734877,0.012702139448596,4.20828832185118,5.66901885049936
2013-09-18 13:49:35,251.932557993639,12.1119189610542,768.171744203478,780.785575602189,0.190560338321563,0.317626578505797,0.45348884765834,0.468964976311105,0.00698992787698864,0.0128316373033925,5.40070691481083,6.32837666394247
2013-09-18 14:49:35,254.097877622561,14.7057814955839,769.998131568684,778.861367037826,0.191074512790326,0.317348355442549,0.372329669547922,0.452963967323656,0.00700176750348205,0.0128279034204144,6.58690791086826,6.70351625407096
2013-09-18 15:49:35,254.922265259989,15.1299402722688,839.902443113752,776.391810474742,0.204761251937931,0.329102206671682,0.322135296404768,0.438676327154605,0.00710979634307073,0.0134482924470512,7.12904815330646,6.74915931245043
2013-09-18 16:49:35,254.922265259989,15.1299402722688,839.902443113752,776.391810474742,0.204761251937931,0.329102206671682,0.322135296404768,0.438676327154605,0.00710979634307073,0.0134482924470512,7.12904815330646,6.74915931245043
2013-09-18 17:49:35,258.6306425305,19.3165569768585,791.945469030415,758.672611968899,0.271031136203733,0.388796125864685,0.319337620006211,0.418373730616,0.00651742697347306,0.0129856028370552,6.83085496235561,6.51745102079759
NA,NA,NA,NA,NA,NA,NA,NA,NA,NA,NA,NA,NA
NA,NA,NA,NA,NA,NA,NA,NA,NA,NA,NA,NA,NA
NA,NA,NA,NA,NA,NA,NA,NA,NA,NA,NA,NA,NA
2013-09-18 21:49:35,265.106299261345,18.6087334922678,665.865135614223,750.897073453786,0.280752163693235,0.389543306311064,0.386915722930045,0.45828432449009,0.00407728137948052,0.0109032447945899,7.11209955157856,6.28904379635102
2013-09-18 22:49:35,267.111226143068,18.1067114250761,662.428833393784,787.448530718462,0.24256959207352,0.384283736846098,0.33146486795273,0.436393915730767,0.0043155603936287,0.0114026035108885,7.66421125700283,6.28359437218425
2013-09-18 23:49:35,267.111226143068,18.1067114250761,662.428833393784,787.448530718462,0.24256959207352,0.384283736846098,0.33146486795273,0.436393915730767,0.0043155603936287,0.0114026035108885,7.66421125700283,6.28359437218425
2013-09-19 00:49:35,267.111226143068,18.1067114250761,662.428833393784,787.448530718462,0.24256959207352,0.384283736846098,0.33146486795273,0.436393915730767,0.0043155603936287,0.0114026035108885,7.66421125700283,6.28359437218425
NA,NA,NA,NA,NA,NA,NA,NA,NA,NA,NA,NA,NA
NA,NA,NA,NA,NA,NA,NA,NA,NA,NA,NA,NA,NA
NA,NA,NA,NA,NA,NA,NA,NA,NA,NA,NA,NA,NA
NA,NA,NA,NA,NA,NA,NA,NA,NA,NA,NA,NA,NA
NA,NA,NA,NA,NA,NA,NA,NA,NA,NA,NA,NA,NA
NA,NA,NA,NA,NA,NA,NA,NA,NA,NA,NA,NA,NA
NA,NA,NA,NA,NA,NA,NA,NA,NA,NA,NA,NA,NA
NA,NA,NA,NA,NA,NA,NA,NA,NA,NA,NA,NA,NA
NA,NA,NA,NA,NA,NA,NA,NA,NA,NA,NA,NA,NA
NA,NA,NA,NA,NA,NA,NA,NA,NA,NA,NA,NA,NA
NA,NA,NA,NA,NA,NA,NA,NA,NA,NA,NA,NA,NA
NA,NA,NA,NA,NA,NA,NA,NA,NA,NA,NA,NA,NA
NA,NA,NA,NA,NA,NA,NA,NA,NA,NA,NA,NA,NA
NA,NA,NA,NA,NA,NA,NA,NA,NA,NA,NA,NA,NA
NA,NA,NA,NA,NA,NA,NA,NA,NA,NA,NA,NA,NA
NA,NA,NA,NA,NA,NA,NA,NA,NA,NA,NA,NA,NA
NA,NA,NA,NA,NA,NA,NA,NA,NA,NA,NA,NA,NA
NA,NA,NA,NA,NA,NA,NA,NA,NA,NA,NA,NA,NA
NA,NA,NA,NA,NA,NA,NA,NA,NA,NA,NA,NA,NA
NA,NA,NA,NA,NA,NA,NA,NA,NA,NA,NA,NA,NA
NA,NA,NA,NA,NA,NA,NA,NA,NA,NA,NA,NA,NA
NA,NA,NA,NA,NA,NA,NA,NA,NA,NA,NA,NA,NA
NA,NA,NA,NA,NA,NA,NA,NA,NA,NA,NA,NA,NA
NA,NA,NA,NA,NA,NA,NA,NA,NA,NA,NA,NA,NA
NA,NA,NA,NA,NA,NA,NA,NA,NA,NA,NA,NA,NA
NA,NA,NA,NA,NA,NA,NA,NA,NA,NA,NA,NA,NA
NA,NA,NA,NA,NA,NA,NA,NA,NA,NA,NA,NA,NA
NA,NA,NA,NA,NA,NA,NA,NA,NA,NA,NA,NA,NA
NA,NA,NA,NA,NA,NA,NA,NA,NA,NA,NA,NA,NA
NA,NA,NA,NA,NA,NA,NA,NA,NA,NA,NA,NA,NA
NA,NA,NA,NA,NA,NA,NA,NA,NA,NA,NA,NA,NA
NA,NA,NA,NA,NA,NA,NA,NA,NA,NA,NA,NA,NA
NA,NA,NA,NA,NA,NA,NA,NA,NA,NA,NA,NA,NA
NA,NA,NA,NA,NA,NA,NA,NA,NA,NA,NA,NA,NA
NA,NA,NA,NA,NA,NA,NA,NA,NA,NA,NA,NA,NA
NA,NA,NA,NA,NA,NA,NA,NA,NA,NA,NA,NA,NA
NA,NA,NA,NA,NA,NA,NA,NA,NA,NA,NA,NA,NA
NA,NA,NA,NA,NA,NA,NA,NA,NA,NA,NA,NA,NA
NA,NA,NA,NA,NA,NA,NA,NA,NA,NA,NA,NA,NA
NA,NA,NA,NA,NA,NA,NA,NA,NA,NA,NA,NA,NA
NA,NA,NA,NA,NA,NA,NA,NA,NA,NA,NA,NA,NA
NA,NA,NA,NA,NA,NA,NA,NA,NA,NA,NA,NA,NA
NA,NA,NA,NA,NA,NA,NA,NA,NA,NA,NA,NA,NA
NA,NA,NA,NA,NA,NA,NA,NA,NA,NA,NA,NA,NA
NA,NA,NA,NA,NA,NA,NA,NA,NA,NA,NA,NA,NA
NA,NA,NA,NA,NA,NA,NA,NA,NA,NA,NA,NA,NA
NA,NA,NA,NA,NA,NA,NA,NA,NA,NA,NA,NA,NA
NA,NA,NA,NA,NA,NA,NA,NA,NA,NA,NA,NA,NA
NA,NA,NA,NA,NA,NA,NA,NA,NA,NA,NA,NA,NA
NA,NA,NA,NA,NA,NA,NA,NA,NA,NA,NA,NA,NA
NA,NA,NA,NA,NA,NA,NA,NA,NA,NA,NA,NA,NA
NA,NA,NA,NA,NA,NA,NA,NA,NA,NA,NA,NA,NA
NA,NA,NA,NA,NA,NA,NA,NA,NA,NA,NA,NA,NA
NA,NA,NA,NA,NA,NA,NA,NA,NA,NA,NA,NA,NA
NA,NA,NA,NA,NA,NA,NA,NA,NA,NA,NA,NA,NA
NA,NA,NA,NA,NA,NA,NA,NA,NA,NA,NA,NA,NA
NA,NA,NA,NA,NA,NA,NA,NA,NA,NA,NA,NA,NA
NA,NA,NA,NA,NA,NA,NA,NA,NA,NA,NA,NA,NA
NA,NA,NA,NA,NA,NA,NA,NA,NA,NA,NA,NA,NA
NA,NA,NA,NA,NA,NA,NA,NA,NA,NA,NA,NA,NA
NA,NA,NA,NA,NA,NA,NA,NA,NA,NA,NA,NA,NA
NA,NA,NA,NA,NA,NA,NA,NA,NA,NA,NA,NA,NA
NA,NA,NA,NA,NA,NA,NA,NA,NA,NA,NA,NA,NA
NA,NA,NA,NA,NA,NA,NA,NA,NA,NA,NA,NA,NA
NA,NA,NA,NA,NA,NA,NA,NA,NA,NA,NA,NA,NA
NA,NA,NA,NA,NA,NA,NA,NA,NA,NA,NA,NA,NA
NA,NA,NA,NA,NA,NA,NA,NA,NA,NA,NA,NA,NA
NA,NA,NA,NA,NA,NA,NA,NA,NA,NA,NA,NA,NA
NA,NA,NA,NA,NA,NA,NA,NA,NA,NA,NA,NA,NA
NA,NA,NA,NA,NA,NA,NA,NA,NA,NA,NA,NA,NA
NA,NA,NA,NA,NA,NA,NA,NA,NA,NA,NA,NA,NA
NA,NA,NA,NA,NA,NA,NA,NA,NA,NA,NA,NA,NA
NA,NA,NA,NA,NA,NA,NA,NA,NA,NA,NA,NA,NA
NA,NA,NA,NA,NA,NA,NA,NA,NA,NA,NA,NA,NA
NA,NA,NA,NA,NA,NA,NA,NA,NA,NA,NA,NA,NA
NA,NA,NA,NA,NA,NA,NA,NA,NA,NA,NA,NA,NA
NA,NA,NA,NA,NA,NA,NA,NA,NA,NA,NA,NA,NA
NA,NA,NA,NA,NA,NA,NA,NA,NA,NA,NA,NA,NA
NA,NA,NA,NA,NA,NA,NA,NA,NA,NA,NA,NA,NA
NA,NA,NA,NA,NA,NA,NA,NA,NA,NA,NA,NA,NA
NA,NA,NA,NA,NA,NA,NA,NA,NA,NA,NA,NA,NA
NA,NA,NA,NA,NA,NA,NA,NA,NA,NA,NA,NA,NA
NA,NA,NA,NA,NA,NA,NA,NA,NA,NA,NA,NA,NA
NA,NA,NA,NA,NA,NA,NA,NA,NA,NA,NA,NA,NA
NA,NA,NA,NA,NA,NA,NA,NA,NA,NA,NA,NA,NA
NA,NA,NA,NA,NA,NA,NA,NA,NA,NA,NA,NA,NA
NA,NA,NA,NA,NA,NA,NA,NA,NA,NA,NA,NA,NA
NA,NA,NA,NA,NA,NA,NA,NA,NA,NA,NA,NA,NA
NA,NA,NA,NA,NA,NA,NA,NA,NA,NA,NA,NA,NA
NA,NA,NA,NA,NA,NA,NA,NA,NA,NA,NA,NA,NA
NA,NA,NA,NA,NA,NA,NA,NA,NA,NA,NA,NA,NA
NA,NA,NA,NA,NA,NA,NA,NA,NA,NA,NA,NA,NA
NA,NA,NA,NA,NA,NA,NA,NA,NA,NA,NA,NA,NA
NA,NA,NA,NA,NA,NA,NA,NA,NA,NA,NA,NA,NA
NA,NA,NA,NA,NA,NA,NA,NA,NA,NA,NA,NA,NA
NA,NA,NA,NA,NA,NA,NA,NA,NA,NA,NA,NA,NA
NA,NA,NA,NA,NA,NA,NA,NA,NA,NA,NA,NA,NA
NA,NA,NA,NA,NA,NA,NA,NA,NA,NA,NA,NA,NA
NA,NA,NA,NA,NA,NA,NA,NA,NA,NA,NA,NA,NA
NA,NA,NA,NA,NA,NA,NA,NA,NA,NA,NA,NA,NA
NA,NA,NA,NA,NA,NA,NA,NA,NA,NA,NA,NA,NA
NA,NA,NA,NA,NA,NA,NA,NA,NA,NA,NA,NA,NA
NA,NA,NA,NA,NA,NA,NA,NA,NA,NA,NA,NA,NA
NA,NA,NA,NA,NA,NA,NA,NA,NA,NA,NA,NA,NA
NA,NA,NA,NA,NA,NA,NA,NA,NA,NA,NA,NA,NA
NA,NA,NA,NA,NA,NA,NA,NA,NA,NA,NA,NA,NA
NA,NA,NA,NA,NA,NA,NA,NA,NA,NA,NA,NA,NA
NA,NA,NA,NA,NA,NA,NA,NA,NA,NA,NA,NA,NA
NA,NA,NA,NA,NA,NA,NA,NA,NA,NA,NA,NA,NA
NA,NA,NA,NA,NA,NA,NA,NA,NA,NA,NA,NA,NA
NA,NA,NA,NA,NA,NA,NA,NA,NA,NA,NA,NA,NA
NA,NA,NA,NA,NA,NA,NA,NA,NA,NA,NA,NA,NA
NA,NA,NA,NA,NA,NA,NA,NA,NA,NA,NA,NA,NA
NA,NA,NA,NA,NA,NA,NA,NA,NA,NA,NA,NA,NA
NA,NA,NA,NA,NA,NA,NA,NA,NA,NA,NA,NA,NA
NA,NA,NA,NA,NA,NA,NA,NA,NA,NA,NA,NA,NA
NA,NA,NA,NA,NA,NA,NA,NA,NA,NA,NA,NA,NA
NA,NA,NA,NA,NA,NA,NA,NA,NA,NA,NA,NA,NA
2013-09-23 23:49:35,267.111226143068,18.1067114250761,662.428833393784,787.448530718462,0.24256959207352,0.384283736846098,0.33146486795273,0.436393915730767,0.0043155603936287,0.0114026035108885,7.66421125700283,6.28359437218425
2013-09-24 00:49:35,267.111226143068,18.1067114250761,662.428833393784,787.448530718462,0.24256959207352,0.384283736846098,0.33146486795273,0.436393915730767,0.0043155603936287,0.0114026035108885,7.66421125700283,6.28359437218425
2013-09-24 01:49:35,267.111226143068,18.1067114250761,662.428833393784,787.448530718462,0.24256959207352,0.384283736846098,0.33146486795273,0.436393915730767,0.0043155603936287,0.0114026035108885,7.66421125700283,6.28359437218425
2013-09-24 02:49:35,267.111226143068,18.1067114250761,662.428833393784,787.448530718462,0.24256959207352,0.384283736846098,0.33146486795273,0.436393915730767,0.0043155603936287,0.0114026035108885,7.66421125700283,6.28359437218425
2013-09-24 03:49:35,276.761671040645,37.6247421416772,607.584188619665,774.467518731967,0.224565867682024,0.371670137742324,0.304037668794914,0.426794996812833,0.0593012400662553,0.190786003294571,8.27523721102313,6.35408344665541
2013-09-24 04:49:35,284.201850080439,42.8744072594922,599.946959998005,780.371244801205,0.238446806707002,0.365795425383926,0.303492708126671,0.427205042432739,0.365669047342582,1.07185321081589,9.31373475186686,6.2061644346715
2013-09-24 05:49:35,292.422128696334,46.4718231098459,555.569930970158,799.377133772974,0.245037531682105,0.362778468420343,0.222021125029575,0.376372851674525,0.692698358863026,1.47377267874687,10.4769053111215,5.8012855147596
2013-09-24 06:49:35,301.574388600495,48.1535237341545,651.975492839128,796.42571803597,0.256876256024234,0.358142814384055,0.140702419110738,0.295410478977842,0.693163092488208,1.47353543808915,10.4004334817542,5.93940795132041
2013-09-24 07:49:35,306.101658719918,47.7502725261918,613.768099636093,823.683126065552,0.267273892478311,0.373718931693129,0.152834780181781,0.306677555348972,0.756177917816761,1.52840501688765,10.4422714307339,6.22744875763432
2013-09-24 08:49:35,310.046010383426,47.5342263190441,562.7040913586,805.02587592016,0.253372028392877,0.359566526903654,0.140098632174883,0.29571529290969,1.10779327393182,1.89927790821706,10.739757473171,6.02640333780019
2013-09-24 09:49:35,315.535208626358,45.6915726792423,432.041119514976,698.220742892835,0.276405758246251,0.367714019602004,0.121080367342705,0.302353967831308,1.20850154595275,1.95808727333592,11.4431958635016,5.78079522195299
2013-09-24 10:49:35,315.535208626358,45.6915726792423,432.041119514976,698.220742892835,0.276405758246251,0.367714019602004,0.121080367342705,0.302353967831308,1.20850154595275,1.95808727333592,11.4431958635016,5.78079522195299
2013-09-24 11:49:35,315.535208626358,45.6915726792423,432.041119514976,698.220742892835,0.276405758246251,0.367714019602004,0.121080367342705,0.302353967831308,1.20850154595275,1.95808727333592,11.4431958635016,5.78079522195299
2013-09-24 12:49:35,319.778899802771,45.9786263513482,396.121100751364,677.256146036836,0.256118316111668,0.357575752028051,0.110990420064199,0.290394363111507,2.35777975500139,4.39723043761966,10.8134601951596,5.92776808805345
2013-09-24 13:49:35,328.791122874002,43.6607212081508,283.653150401173,613.38834402081,0.176309774551556,0.279005647143256,0.110320649043906,0.290662545165103,2.45512433475978,4.35303973865461,10.7463651242892,5.88044764867517
2013-09-24 14:49:35,337.673367508023,39.4921076130846,218.062653356036,440.040446881442,0.181226487257979,0.27612118695648,0.109674592714901,0.290919748244815,3.68917945491426,5.53324612442852,9.83255648478555,6.00994843606174
2013-09-24 15:49:35,345.742272731842,33.188981373281,319.663702677452,519.113762639617,0.186201257598874,0.27388091080839,0.108814056813537,0.29125540694633,3.68957517663609,5.53295853947378,8.58815549980266,6.37753992899124
2013-09-24 16:49:35,351.652369594499,27.3969578609089,346.276912982432,535.796544697628,0.199817353850422,0.282956841263154,0.117864193158563,0.303696456527271,4.02468583651308,5.67385621794343,8.00526264813437,6.34471680142796
2013-09-24 17:49:35,351.652369594499,27.3969578609089,346.276912982432,535.796544697628,0.199817353850422,0.282956841263154,0.117864193158563,0.303696456527271,4.02468583651308,5.67385621794343,8.00526264813437,6.34471680142796
2013-09-24 18:49:35,347.234401606855,30.2750530827321,317.503836934238,520.49459350921,0.186574344218386,0.273661294356777,0.108497065687035,0.291375649953671,4.9392831028258,6.26928211693634,7.63497575724139,6.18394657208258
2013-09-24 19:49:35,349.410876727997,27.3199866357373,295.552274128346,528.431215079611,0.105380899304269,0.0995048781148875,0.084561206396262,0.287003756512489,6.18926922484623,6.67703999564431,7.65042810193063,6.17303518505681
2013-09-24 20:49:35,354.009827299821,23.277355192872,321.048588150343,546.42720027339,0.0820848370029317,0.061054211959975,0.00171284580857321,0.00233251585513,6.75193005209025,6.69792492401789,7.99210064956561,6.35421356440645
NA,NA,NA,NA,NA,NA,NA,NA,NA,NA,NA,NA,NA
NA,NA,NA,NA,NA,NA,NA,NA,NA,NA,NA,NA,NA
NA,NA,NA,NA,NA,NA,NA,NA,NA,NA,NA,NA,NA
NA,NA,NA,NA,NA,NA,NA,NA,NA,NA,NA,NA,NA
2013-09-25 01:49:35,354.009827299821,23.277355192872,321.048588150343,546.42720027339,0.0820848370029317,0.061054211959975,0.00171284580857321,0.00233251585513,6.75193005209025,6.69792492401789,7.99210064956561,6.35421356440645
NA,NA,NA,NA,NA,NA,NA,NA,NA,NA,NA,NA,NA
NA,NA,NA,NA,NA,NA,NA,NA,NA,NA,NA,NA,NA
2013-09-25 04:49:35,354.009827299821,23.277355192872,321.048588150343,546.42720027339,0.0820848370029317,0.061054211959975,0.00171284580857321,0.00233251585513,6.75193005209025,6.69792492401789,7.99210064956561,6.35421356440645
2013-09-25 05:49:35,354.009827299821,23.277355192872,321.048588150343,546.42720027339,0.0820848370029317,0.061054211959975,0.00171284580857321,0.00233251585513,6.75193005209025,6.69792492401789,7.99210064956561,6.35421356440645
2013-09-25 06:49:35,354.009827299821,23.277355192872,321.048588150343,546.42720027339,0.0820848370029317,0.061054211959975,0.00171284580857321,0.00233251585513,6.75193005209025,6.69792492401789,7.99210064956561,6.35421356440645
NA,NA,NA,NA,NA,NA,NA,NA,NA,NA,NA,NA,NA
NA,NA,NA,NA,NA,NA,NA,NA,NA,NA,NA,NA,NA
2013-09-25 09:49:35,354.009827299821,23.277355192872,321.048588150343,546.42720027339,0.0820848370029317,0.061054211959975,0.00171284580857321,0.00233251585513,6.75193005209025,6.69792492401789,7.99210064956561,6.35421356440645
2013-09-25 10:49:35,354.009827299821,23.277355192872,321.048588150343,546.42720027339,0.0820848370029317,0.061054211959975,0.00171284580857321,0.00233251585513,6.75193005209025,6.69792492401789,7.99210064956561,6.35421356440645
2013-09-25 11:49:35,349.12632654024,27.9062801078508,338.170814464063,524.363282785201,0.0782340336396944,0.0597217446345373,0.00189771787826189,0.00231433784341828,7.43836768969857,6.81455619898742,8.5084300163494,6.31701147840505
NA,NA,NA,NA,NA,NA,NA,NA,NA,NA,NA,NA,NA
NA,NA,NA,NA,NA,NA,NA,NA,NA,NA,NA,NA,NA
NA,NA,NA,NA,NA,NA,NA,NA,NA,NA,NA,NA,NA
NA,NA,NA,NA,NA,NA,NA,NA,NA,NA,NA,NA,NA
2013-09-25 16:49:35,342.661104193081,28.349719674426,337.945688601986,524.520214868657,0.0778822108064681,0.0600655039189434,0.00199392968403847,0.00235791499008473,8.63301399717905,6.77549348717066,8.35896352766649,6.1690269333316
2013-09-25 17:49:35,334.289993305457,38.5936049166693,337.440527460159,524.870658465913,0.0688888349335893,0.0523139232169039,0.00199448960558498,0.00235894845969616,8.93565808548199,6.61505707290568,8.11816816204143,5.97336395386838
2013-09-25 18:49:35,324.94872064536,45.8604940123346,337.874554428646,524.569582788837,0.0634911874094708,0.0488384400510397,0.00241048121794934,0.00303484033833004,8.84804873875428,6.69393791577696,7.70249020347129,5.61699414107317
2013-09-25 19:49:35,321.773066347032,46.6945853737251,263.152760781874,478.529412702648,0.0517534061172071,0.0283738580686992,0.0026295223121808,0.00308187583370433,9.65185976430466,6.38443456595744,8.37903729020283,5.35386167354725
2013-09-25 20:49:35,317.803939570324,46.5962998189832,241.640976588805,462.305280250825,0.0525425285068586,0.027191169161862,0.00306653128278571,0.00330548482862647,10.0975323176909,6.28004356201622,8.67159988856462,5.2043391647349
2013-09-25 21:49:35,314.564854196533,47.4325476326939,263.517428978135,478.311137576673,0.048187165329927,0.0237255634602988,0.00334521557222073,0.00331567124871562,10.5631659655539,6.36560192706157,8.18609952025416,5.16548939937372
2013-09-25 22:49:35,314.564854196533,47.4325476326939,263.517428978135,478.311137576673,0.048187165329927,0.0237255634602988,0.00334521557222073,0.00331567124871562,10.5631659655539,6.36560192706157,8.18609952025416,5.16548939937372
2013-09-25 23:49:35,314.564854196533,47.4325476326939,263.517428978135,478.311137576673,0.048187165329927,0.0237255634602988,0.00334521557222073,0.00331567124871562,10.5631659655539,6.36560192706157,8.18609952025416,5.16548939937372
2013-09-26 00:49:35,312.209562854963,45.9552373050157,241.64097661592,462.305280235429,0.0484756679639558,0.0226435029266991,0.0034113818967794,0.00316966662982279,10.9310285286077,6.2016969610029,8.75373876431729,5.30313026304701
2013-09-26 01:49:35,305.613622905348,43.0493013763298,241.640902109158,462.305322543583,0.0499851359532077,0.022112426409743,0.00376190948003561,0.00298546550723345,10.9305228543657,6.20133527464463,9.67984064557774,5.3460476762671
2013-09-26 02:49:35,299.821913045499,38.3413685993906,242.271170241768,461.952454722911,0.0523680267152643,0.020618641061257,0.00408889578579672,0.00274097052692552,11.1954718342789,5.80143083907368,9.74697577617344,5.41253937970033
2013-09-26 03:49:35,294.191032564808,31.7030669818271,148.778292267301,369.491345230985,0.0519481146242787,0.020522349368113,0.00436042189749142,0.0024445619229348,10.2683037002055,6.05478872080885,10.6607589416114,5.28452017488673
2013-09-26 04:49:35,287.83575947999,23.9259598488574,51.3392524548991,157.640737407673,0.0475759440301144,0.0145242537380241,0.00475665210035442,0.00212157789445631,11.2012638129296,5.37001310514847,11.6238453742177,4.29829041999414
2013-09-26 05:49:35,287.83575947999,23.9259598488574,51.3392524548991,157.640737407673,0.0475759440301144,0.0145242537380241,0.00475665210035442,0.00212157789445631,11.2012638129296,5.37001310514847,11.6238453742177,4.29829041999414
2013-09-26 06:49:35,288.926776878738,23.1234584747895,47.3423548161591,150.940911401332,0.0480498998284575,0.0139453190827096,0.00468878688842444,0.00203646034948291,11.5172733687497,5.23582238648897,11.9051672276337,4.21253268014055
2013-09-26 07:49:35,290.219343302224,24.1273000833031,209.074328015516,565.965650131247,0.0446415493177206,0.0196731918502352,0.00469524935576858,0.00203924670459447,11.5172807547152,5.23582774589718,12.8583478759669,3.36105472528358
2013-09-26 08:49:35,287.008329606079,22.4552718088765,227.990175976655,589.597952869038,0.0463654606958639,0.0196598381359015,0.00500092037603685,0.00182785142604069,11.2006849298572,5.36956300901537,13.6876378648578,1.82987126926483
2013-09-26 09:49:35,287.008329606079,22.4552718088765,227.990175976655,589.597952869038,0.0463654606958639,0.0196598381359015,0.00500092037603685,0.00182785142604069,11.2006849298572,5.36956300901537,13.6876378648578,1.82987126926483
2013-09-26 10:49:35,287.008329606079,22.4552718088765,227.990175976655,589.597952869038,0.0463654606958639,0.0196598381359015,0.00500092037603685,0.00182785142604069,11.2006849298572,5.36956300901537,13.6876378648578,1.82987126926483
2013-09-26 11:49:35,287.008329606079,22.4552718088765,227.990175976655,589.597952869038,0.0463654606958639,0.0196598381359015,0.00500092037603685,0.00182785142604069,11.2006849298572,5.36956300901537,13.6876378648578,1.82987126926483
2013-09-26 12:49:35,287.008329606079,22.4552718088765,227.990175976655,589.597952869038,0.0463654606958639,0.0196598381359015,0.00500092037603685,0.00182785142604069,11.2006849298572,5.36956300901537,13.6876378648578,1.82987126926483
2013-09-26 13:49:35,287.008329606079,22.4552718088765,227.990175976655,589.597952869038,0.0463654606958639,0.0196598381359015,0.00500092037603685,0.00182785142604069,11.2006849298572,5.36956300901537,13.6876378648578,1.82987126926483
2013-09-26 14:49:35,287.008329606079,22.4552718088765,227.990175976655,589.597952869038,0.0463654606958639,0.0196598381359015,0.00500092037603685,0.00182785142604069,11.2006849298572,5.36956300901537,13.6876378648578,1.82987126926483
2013-09-26 15:49:35,293.093607835452,30.0460752074943,211.553142691508,565.03585571008,0.0471533828248512,0.0189425945339079,0.00469014250181213,0.00204848834409885,11.5164504202712,5.23522600544931,13.4192751059301,1.97692920530984
2013-09-26 16:49:35,297.50160566144,34.0321726495426,167.760201929676,558.735447023424,0.0512398646536694,0.0214163029412841,0.00464877801888493,0.00207010172458726,11.5166485079524,5.23536939320052,12.5501741931751,3.39330422939977
2013-09-26 17:49:35,300.271900708012,36.0225450538138,167.757843565186,558.736212225022,0.0566517939210217,0.0216435680960947,0.0048281805249484,0.00205405772366678,11.5164628200875,5.23523465592947,11.7571565282498,4.23457616946652
2013-09-26 18:49:35,307.558933091007,33.8633709986604,172.553331734022,557.420261187865,0.0564790360468441,0.0215893522551555,0.0047971380381674,0.00203768798088722,12.1541771751018,5.14646758801516,11.1274297256546,4.82664397772064
2013-09-26 19:49:35,313.386166069323,28.5161880641352,187.639422138334,582.052310972436,0.0558266063607456,0.0225186894054453,0.00444095763336044,0.00170081697782385,12.9978315686697,4.44292756924522,11.2325990224868,5.04778581432334
2013-09-26 20:49:35,316.374726424255,29.0934027080201,172.546903667225,557.422349268588,0.0541000186852345,0.0222882349428633,0.0043571098555996,0.00164747198345099,13.164436903427,4.2752992709153,10.5830058720751,5.31294835740511
2013-09-26 21:49:35,320.21392473314,27.1386814896916,187.777408503787,582.004864023071,0.0534524863117991,0.023257412208794,0.00403742620979595,0.00127928556979145,12.997573857835,4.44279990529462,10.4642074540325,5.55552606211063
2013-09-26 22:49:35,320.21392473314,27.1386814896916,187.777408503787,582.004864023071,0.0534524863117991,0.023257412208794,0.00403742620979595,0.00127928556979145,12.997573857835,4.44279990529462,10.4642074540325,5.55552606211063
2013-09-26 23:49:35,320.21392473314,27.1386814896916,187.777408503787,582.004864023071,0.0534524863117991,0.023257412208794,0.00403742620979595,0.00127928556979145,12.997573857835,4.44279990529462,10.4642074540325,5.55552606211063
2013-09-27 00:49:35,322.399047092955,26.9601534491206,209.222761230905,559.870426059709,0.0525114144376265,0.0224134163848534,0.00416452259206125,0.00129677840055397,11.9144456398493,5.65880423616512,10.8393479418741,5.45406528254995
2013-09-27 01:49:35,327.581257924442,25.317384213928,313.34884301482,629.489370894813,0.0743085509479799,0.0785031103960151,0.00428097229096791,0.00135570268078316,11.9142641051747,5.65869707360425,10.4397443624072,5.29504035055428
2013-09-27 02:49:35,333.252377802914,22.9912309373247,313.455947319778,629.431501742493,0.0735286841611604,0.0788008728762652,0.00433094700356055,0.00136377046786925,10.6648489344779,6.50834721148008,10.2710853937899,5.16728707579668
2013-09-27 03:49:35,337.84439158938,20.7692102637359,422.260216600934,682.54411454678,0.0829250008454875,0.0827782244288306,0.00447310816306868,0.00140585349386748,10.3024340694545,6.99489733880118,10.2350589664283,5.1327112533911
2013-09-27 04:49:35,341.187648621772,18.081892941834,459.607475608377,702.880872382953,0.0855579456929045,0.0862899195875794,0.00458345312888532,0.00141892321825079,10.9041137932035,7.0030567319416,9.80191058501134,5.14807206859788
2013-09-27 05:49:35,341.187648621772,18.081892941834,459.607475608377,702.880872382953,0.0855579456929045,0.0862899195875794,0.00458345312888532,0.00141892321825079,10.9041137932035,7.0030567319416,9.80191058501134,5.14807206859788
2013-09-27 06:49:35,341.268514636099,17.242684121414,474.279672172474,672.095183335073,0.0819271168618215,0.0832300466944652,0.0139941028352143,0.0326275075151507,9.99544968498646,7.38189761778518,9.18371785709185,5.35530219063578
NA,NA,NA,NA,NA,NA,NA,NA,NA,NA,NA,NA,NA
NA,NA,NA,NA,NA,NA,NA,NA,NA,NA,NA,NA,NA
NA,NA,NA,NA,NA,NA,NA,NA,NA,NA,NA,NA,NA
NA,NA,NA,NA,NA,NA,NA,NA,NA,NA,NA,NA,NA
NA,NA,NA,NA,NA,NA,NA,NA,NA,NA,NA,NA,NA
NA,NA,NA,NA,NA,NA,NA,NA,NA,NA,NA,NA,NA
NA,NA,NA,NA,NA,NA,NA,NA,NA,NA,NA,NA,NA
NA,NA,NA,NA,NA,NA,NA,NA,NA,NA,NA,NA,NA
NA,NA,NA,NA,NA,NA,NA,NA,NA,NA,NA,NA,NA
NA,NA,NA,NA,NA,NA,NA,NA,NA,NA,NA,NA,NA
NA,NA,NA,NA,NA,NA,NA,NA,NA,NA,NA,NA,NA
NA,NA,NA,NA,NA,NA,NA,NA,NA,NA,NA,NA,NA
NA,NA,NA,NA,NA,NA,NA,NA,NA,NA,NA,NA,NA
NA,NA,NA,NA,NA,NA,NA,NA,NA,NA,NA,NA,NA
NA,NA,NA,NA,NA,NA,NA,NA,NA,NA,NA,NA,NA
NA,NA,NA,NA,NA,NA,NA,NA,NA,NA,NA,NA,NA
NA,NA,NA,NA,NA,NA,NA,NA,NA,NA,NA,NA,NA
NA,NA,NA,NA,NA,NA,NA,NA,NA,NA,NA,NA,NA
NA,NA,NA,NA,NA,NA,NA,NA,NA,NA,NA,NA,NA
NA,NA,NA,NA,NA,NA,NA,NA,NA,NA,NA,NA,NA
NA,NA,NA,NA,NA,NA,NA,NA,NA,NA,NA,NA,NA
NA,NA,NA,NA,NA,NA,NA,NA,NA,NA,NA,NA,NA
NA,NA,NA,NA,NA,NA,NA,NA,NA,NA,NA,NA,NA
NA,NA,NA,NA,NA,NA,NA,NA,NA,NA,NA,NA,NA
NA,NA,NA,NA,NA,NA,NA,NA,NA,NA,NA,NA,NA
NA,NA,NA,NA,NA,NA,NA,NA,NA,NA,NA,NA,NA
NA,NA,NA,NA,NA,NA,NA,NA,NA,NA,NA,NA,NA
NA,NA,NA,NA,NA,NA,NA,NA,NA,NA,NA,NA,NA
NA,NA,NA,NA,NA,NA,NA,NA,NA,NA,NA,NA,NA
NA,NA,NA,NA,NA,NA,NA,NA,NA,NA,NA,NA,NA
NA,NA,NA,NA,NA,NA,NA,NA,NA,NA,NA,NA,NA
NA,NA,NA,NA,NA,NA,NA,NA,NA,NA,NA,NA,NA
NA,NA,NA,NA,NA,NA,NA,NA,NA,NA,NA,NA,NA
NA,NA,NA,NA,NA,NA,NA,NA,NA,NA,NA,NA,NA
NA,NA,NA,NA,NA,NA,NA,NA,NA,NA,NA,NA,NA
NA,NA,NA,NA,NA,NA,NA,NA,NA,NA,NA,NA,NA
NA,NA,NA,NA,NA,NA,NA,NA,NA,NA,NA,NA,NA
NA,NA,NA,NA,NA,NA,NA,NA,NA,NA,NA,NA,NA
NA,NA,NA,NA,NA,NA,NA,NA,NA,NA,NA,NA,NA
NA,NA,NA,NA,NA,NA,NA,NA,NA,NA,NA,NA,NA
NA,NA,NA,NA,NA,NA,NA,NA,NA,NA,NA,NA,NA
NA,NA,NA,NA,NA,NA,NA,NA,NA,NA,NA,NA,NA
NA,NA,NA,NA,NA,NA,NA,NA,NA,NA,NA,NA,NA
NA,NA,NA,NA,NA,NA,NA,NA,NA,NA,NA,NA,NA
NA,NA,NA,NA,NA,NA,NA,NA,NA,NA,NA,NA,NA
NA,NA,NA,NA,NA,NA,NA,NA,NA,NA,NA,NA,NA
NA,NA,NA,NA,NA,NA,NA,NA,NA,NA,NA,NA,NA
NA,NA,NA,NA,NA,NA,NA,NA,NA,NA,NA,NA,NA
NA,NA,NA,NA,NA,NA,NA,NA,NA,NA,NA,NA,NA
NA,NA,NA,NA,NA,NA,NA,NA,NA,NA,NA,NA,NA
NA,NA,NA,NA,NA,NA,NA,NA,NA,NA,NA,NA,NA
NA,NA,NA,NA,NA,NA,NA,NA,NA,NA,NA,NA,NA
NA,NA,NA,NA,NA,NA,NA,NA,NA,NA,NA,NA,NA
NA,NA,NA,NA,NA,NA,NA,NA,NA,NA,NA,NA,NA
NA,NA,NA,NA,NA,NA,NA,NA,NA,NA,NA,NA,NA
NA,NA,NA,NA,NA,NA,NA,NA,NA,NA,NA,NA,NA
NA,NA,NA,NA,NA,NA,NA,NA,NA,NA,NA,NA,NA
NA,NA,NA,NA,NA,NA,NA,NA,NA,NA,NA,NA,NA
NA,NA,NA,NA,NA,NA,NA,NA,NA,NA,NA,NA,NA
NA,NA,NA,NA,NA,NA,NA,NA,NA,NA,NA,NA,NA
NA,NA,NA,NA,NA,NA,NA,NA,NA,NA,NA,NA,NA
NA,NA,NA,NA,NA,NA,NA,NA,NA,NA,NA,NA,NA
NA,NA,NA,NA,NA,NA,NA,NA,NA,NA,NA,NA,NA
NA,NA,NA,NA,NA,NA,NA,NA,NA,NA,NA,NA,NA
NA,NA,NA,NA,NA,NA,NA,NA,NA,NA,NA,NA,NA
NA,NA,NA,NA,NA,NA,NA,NA,NA,NA,NA,NA,NA
NA,NA,NA,NA,NA,NA,NA,NA,NA,NA,NA,NA,NA
NA,NA,NA,NA,NA,NA,NA,NA,NA,NA,NA,NA,NA
NA,NA,NA,NA,NA,NA,NA,NA,NA,NA,NA,NA,NA
NA,NA,NA,NA,NA,NA,NA,NA,NA,NA,NA,NA,NA
NA,NA,NA,NA,NA,NA,NA,NA,NA,NA,NA,NA,NA
NA,NA,NA,NA,NA,NA,NA,NA,NA,NA,NA,NA,NA
NA,NA,NA,NA,NA,NA,NA,NA,NA,NA,NA,NA,NA
NA,NA,NA,NA,NA,NA,NA,NA,NA,NA,NA,NA,NA
NA,NA,NA,NA,NA,NA,NA,NA,NA,NA,NA,NA,NA
NA,NA,NA,NA,NA,NA,NA,NA,NA,NA,NA,NA,NA
NA,NA,NA,NA,NA,NA,NA,NA,NA,NA,NA,NA,NA
NA,NA,NA,NA,NA,NA,NA,NA,NA,NA,NA,NA,NA
NA,NA,NA,NA,NA,NA,NA,NA,NA,NA,NA,NA,NA
NA,NA,NA,NA,NA,NA,NA,NA,NA,NA,NA,NA,NA
NA,NA,NA,NA,NA,NA,NA,NA,NA,NA,NA,NA,NA
NA,NA,NA,NA,NA,NA,NA,NA,NA,NA,NA,NA,NA
NA,NA,NA,NA,NA,NA,NA,NA,NA,NA,NA,NA,NA
NA,NA,NA,NA,NA,NA,NA,NA,NA,NA,NA,NA,NA
2013-09-30 19:49:35,346.858435226885,13.4266793614445,482.171829509692,666.596405883036,0.104450590009931,0.107732667038016,0.0957051722673802,0.281767480240246,8.74600147810481,7.72017904354026,8.4665254378953,5.07453215276578
2013-09-30 20:49:35,349.832151990729,9.03193247172828,349.479843210902,506.331206386962,0.113946004362002,0.107595585898146,0.103902350372747,0.29401572575573,8.17746146121867,7.82908312640619,7.87257431975696,4.86511002348973
2013-09-30 21:49:35,349.832151990729,9.03193247172828,349.479843210902,506.331206386962,0.113946004362002,0.107595585898146,0.103902350372747,0.29401572575573,8.17746146121867,7.82908312640619,7.87257431975696,4.86511002348973
2013-09-30 22:49:35,349.832151990729,9.03193247172828,349.479843210902,506.331206386962,0.113946004362002,0.107595585898146,0.103902350372747,0.29401572575573,8.17746146121867,7.82908312640619,7.87257431975696,4.86511002348973
2013-09-30 23:49:35,349.832151990729,9.03193247172828,349.479843210902,506.331206386962,0.113946004362002,0.107595585898146,0.103902350372747,0.29401572575573,8.17746146121867,7.82908312640619,7.87257431975696,4.86511002348973
2013-10-01 00:49:35,349.832151990729,9.03193247172828,349.479843210902,506.331206386962,0.113946004362002,0.107595585898146,0.103902350372747,0.29401572575573,8.17746146121867,7.82908312640619,7.87257431975696,4.86511002348973
NA,NA,NA,NA,NA,NA,NA,NA,NA,NA,NA,NA,NA
NA,NA,NA,NA,NA,NA,NA,NA,NA,NA,NA,NA,NA
NA,NA,NA,NA,NA,NA,NA,NA,NA,NA,NA,NA,NA
NA,NA,NA,NA,NA,NA,NA,NA,NA,NA,NA,NA,NA
NA,NA,NA,NA,NA,NA,NA,NA,NA,NA,NA,NA,NA
NA,NA,NA,NA,NA,NA,NA,NA,NA,NA,NA,NA,NA
NA,NA,NA,NA,NA,NA,NA,NA,NA,NA,NA,NA,NA
NA,NA,NA,NA,NA,NA,NA,NA,NA,NA,NA,NA,NA
NA,NA,NA,NA,NA,NA,NA,NA,NA,NA,NA,NA,NA
NA,NA,NA,NA,NA,NA,NA,NA,NA,NA,NA,NA,NA
NA,NA,NA,NA,NA,NA,NA,NA,NA,NA,NA,NA,NA
NA,NA,NA,NA,NA,NA,NA,NA,NA,NA,NA,NA,NA
NA,NA,NA,NA,NA,NA,NA,NA,NA,NA,NA,NA,NA
NA,NA,NA,NA,NA,NA,NA,NA,NA,NA,NA,NA,NA
NA,NA,NA,NA,NA,NA,NA,NA,NA,NA,NA,NA,NA
NA,NA,NA,NA,NA,NA,NA,NA,NA,NA,NA,NA,NA
NA,NA,NA,NA,NA,NA,NA,NA,NA,NA,NA,NA,NA
NA,NA,NA,NA,NA,NA,NA,NA,NA,NA,NA,NA,NA
2013-10-01 19:49:35,349.832151990729,9.03193247172828,349.479843210902,506.331206386962,0.113946004362002,0.107595585898146,0.103902350372747,0.29401572575573,8.17746146121867,7.82908312640619,7.87257431975696,4.86511002348973
2013-10-01 20:49:35,349.832151990729,9.03193247172828,349.479843210902,506.331206386962,0.113946004362002,0.107595585898146,0.103902350372747,0.29401572575573,8.17746146121867,7.82908312640619,7.87257431975696,4.86511002348973
2013-10-01 21:49:35,349.832151990729,9.03193247172828,349.479843210902,506.331206386962,0.113946004362002,0.107595585898146,0.103902350372747,0.29401572575573,8.17746146121867,7.82908312640619,7.87257431975696,4.86511002348973
2013-10-01 22:49:35,348.812200353946,8.827513140348,381.353249876503,521.958103878609,0.11975855217383,0.111580400867878,0.114165426821487,0.307835830835472,7.4962205258581,7.90144580778718,7.61310327596015,5.04741056740991
2013-10-01 23:49:35,348.868690160307,9.36107429296385,423.614720443558,535.165802501533,0.123630282572045,0.117634256307232,0.126468814596129,0.323890893502253,6.66340516700182,7.90152900318473,8.04135451796552,5.15729167731098
2013-10-02 00:49:35,350.155096766977,9.11740152826953,476.371149825808,546.524884908931,0.128178295820415,0.124907547233438,0.141571685195518,0.342849305656682,5.62162191889552,7.75822877899738,8.58568472496781,5.22969532863623
2013-10-02 01:49:35,351.8705824855,8.33753724997292,536.060475823857,561.442854473983,0.137668431012073,0.131763524415006,0.160994017815917,0.365534953293915,4.28195730801951,7.31240413511364,9.27517757124569,5.24127164990661
2013-10-02 02:49:35,351.8705824855,8.33753724997292,536.060475823857,561.442854473983,0.137668431012073,0.131763524415006,0.160994017815917,0.365534953293915,4.28195730801951,7.31240413511364,9.27517757124569,5.24127164990661
2013-10-02 03:49:35,352.307531178331,9.04509092979306,624.315688380329,559.315868935803,0.154761910471649,0.135571311505137,0.187253890068531,0.393124004626305,2.49610092839656,6.11355279765346,10.2481269635288,5.00134160423052
2013-10-02 04:49:35,352.307531178331,9.04509092979306,624.315688380329,559.315868935803,0.154761910471649,0.135571311505137,0.187253890068531,0.393124004626305,2.49610092839656,6.11355279765346,10.2481269635288,5.00134160423052
2013-10-02 05:49:35,352.307531178331,9.04509092979306,624.315688380329,559.315868935803,0.154761910471649,0.135571311505137,0.187253890068531,0.393124004626305,2.49610092839656,6.11355279765346,10.2481269635288,5.00134160423052
2013-10-02 06:49:35,352.307531178331,9.04509092979306,624.315688380329,559.315868935803,0.154761910471649,0.135571311505137,0.187253890068531,0.393124004626305,2.49610092839656,6.11355279765346,10.2481269635288,5.00134160423052
NA,NA,NA,NA,NA,NA,NA,NA,NA,NA,NA,NA,NA
NA,NA,NA,NA,NA,NA,NA,NA,NA,NA,NA,NA,NA
NA,NA,NA,NA,NA,NA,NA,NA,NA,NA,NA,NA,NA
NA,NA,NA,NA,NA,NA,NA,NA,NA,NA,NA,NA,NA
NA,NA,NA,NA,NA,NA,NA,NA,NA,NA,NA,NA,NA
NA,NA,NA,NA,NA,NA,NA,NA,NA,NA,NA,NA,NA
2013-10-02 13:49:35,353.481958803813,9.58762147532289,660.154497810555,617.58371869241,0.177282367801634,0.138458272202824,0.223592151522841,0.428111649485699,2.99531406567451,6.69703715003052,9.30457369460829,4.95878780732542
2013-10-02 14:49:35,354.730476485884,10.5910971129431,512.564876753559,602.767139532571,0.143299250986413,0.133648454282154,0.278106037440101,0.473878698454033,0.000308005567062171,0.00034348611467589,9.08008524440817,5.69650199060359
2013-10-02 15:49:35,354.520081351311,12.9611500418665,682.658085028084,609.427714945499,0.177161778961737,0.141112859770952,0.369205707403197,0.535767330161537,0.000147368999194935,0.000148826828380227,7.78155272750583,6.20951545683796
2013-10-02 16:49:35,355.082528074047,18.2779851985949,366.878101607089,380.13457079198,0.182766545553726,0.199090928809347,0.550993176174009,0.613036019597746,7.22473948614201e-05,0.000102172976200108,4.38849821741406,2.8353572908356
2013-10-02 17:49:35,355.082528074047,18.2779851985949,366.878101607089,380.13457079198,0.182766545553726,0.199090928809347,0.550993176174009,0.613036019597746,7.22473948614201e-05,0.000102172976200108,4.38849821741406,2.8353572908356
2013-10-02 18:49:35,355.082528074047,18.2779851985949,366.878101607089,380.13457079198,0.182766545553726,0.199090928809347,0.550993176174009,0.613036019597746,7.22473948614201e-05,0.000102172976200108,4.38849821741406,2.8353572908356
2013-10-02 19:49:35,368.007015354401,NA,98.082368836642,NA,0.323545091387543,NA,0.984475102743185,NA,1.90536312224921e-10,NA,6.39339858485063,NA
