h.time,h.dr.mean,h.dr.sd,h2.conc.mean,h2.conc.sd,h2.fsc.mean,h2.fsc.sd,h2.chl.mean,h2.chl.sd,h4.par.mean,h4.par.sd,h2.concLPF.mean,h2.gr.mean,h2.gr.sd,h2.dr.mean,h2.dr.sd,h2.lr.mean,h2.lr.sd,h.gr.mean,h.gr.sd,h.lr.mean,h.lr.sd
1378831775,NA,NA,1.6464071537913,0.639723631563119,461.546887358997,20.0685038795615,675.392680015846,22.2342117553551,252.424,86.0195399313435,1.36682846503709,NA,NA,NA,NA,NA,NA,NA,NA,NA,NA
1378835375,0.0288688472864328,0.00863056856194489,0.70508356163729,0.0588004985485014,483.922137985758,19.8628230524226,677.881796021225,28.6764062528605,39.536,50.0420472902538,1.07088671637272,-0.295941748664368,0.0162496388242839,0.0309152650760337,0.00939695462290191,0.326857013740401,0.0993509361392103,-0.276352058662911,0.0151740035391644,0.305220905949344,0.0927744593524596
1378838975,0.0212518764343551,0.00696050584086614,0.836547257432518,0.367017882876063,480.573215501044,27.0580187541458,698.685127090199,41.1292096120583,0,0,0.830938258263536,-0.239948458109188,0.105983054960841,0.0176589971891949,0.00971024936318433,0.257607455298383,0.141652020324983,-0.288768095250089,0.127546245351996,0.310019971684444,0.170472377359302
1378842575,0.0221405396341453,0.00709347046385264,1.21278816606639,0.693090970422684,438.272319356955,37.0178482523716,684.981748598421,34.3752847770714,0,0,0.640725057617269,-0.190213200646267,0.205759163397471,0.0141859985327652,0.0160043197296242,0.204399199179032,0.230598510819296,-0.29687179919829,0.321134878293427,0.319012338832435,0.359902438772796
1378846175,0.0202875872827393,0.00517986341668796,0.305073753368109,0.0919067560438775,383.003137860146,61.6509822976178,639.154407088643,51.8313007986129,0,0,0.503729691987214,-0.136995365630056,0.0249951508683807,0.010219460093098,0.00320699211363365,0.147214825723154,0.0461978207070806,-0.27196206181456,0.0496201658666869,0.292249649097299,0.0917115298977716
1378849775,0.0186538506761626,0.0039521261643314,0.204385463728686,0.0635200440016114,329.863896439784,33.8087137020992,580.381401530514,63.9279537301316,0,0,0.512940394037568,0.00921070205035468,0.00114060855086685,0.00956831351614879,0.00234809138132565,0.000357611465794111,8.77588719555629e-05,0.0179566712963535,0.00222366685120788,0.000697179379809028,0.000171089804927969
1378853375,0.0158135705178676,0.00456418351324404,0.0621662299606204,0.0259187106932893,365.262517272281,79.9441182310226,527.777813685552,125.387898606959,0,0,0.738628929444237,0.225688535406669,0.00791947840494006,0.0116803606623035,0.00339606195241776,-0.214008174744365,0.0622228234870601,0.305550630918941,0.0107218632918953,-0.289737060401074,0.0842409781239926
1378856975,0.0150124247849955,0.00368337553541751,0.120064767439315,0.131807903202209,349.503063421505,89.8472408830014,542.122082325951,75.6783849143879,0,0,1.16109477591154,0.422465846467307,0.0479584772515111,0.0174308479916233,0.0047123296224608,-0.405034998475684,0.109498885101148,0.36385130243622,0.041304532796524,-0.348838877651225,0.0943065866567033
1378860575,0.01463204503736,0.00421040936749789,3.17466299424364,4.96309498223278,370.643775092253,119.125252426296,620.79684648929,91.739100444086,0,0,1.58761334762317,0.42651857171163,1.33335499242321,0.0232300300043362,0.0729272258675741,-0.403288541707294,1.26606442460051,0.268653934127081,0.839848691382813,-0.254021889089721,0.797463958397641
1378864175,0.0161521861564535,0.00606390850297238,2.78891999610132,2.79172862152966,455.497816243175,43.116413486534,612.66237727164,42.8984038308165,0,0,1.68639301271043,0.0987796650872568,0.163524170327288,0.0272389338742414,0.0462375301037972,-0.0715407312130154,0.121438920053973,0.0585745222749082,0.0969668215503728,-0.0424223361184547,0.0720110431783585
1378867775,0.0161853525499426,0.00531312384804915,1.50231839449811,1.16862274266895,388.50835549251,25.0343404027325,563.131749778645,34.3042561816525,0,0,1.39937620213516,-0.287016810575268,0.239688492526019,0.0226493971815574,0.0203234126771478,0.309666207756825,0.277864972827352,-0.205103395453873,0.171282384365479,0.221288748003816,0.198563454490213
1378871375,0.0152169334058975,0.00627329536836897,0.193781439012982,0.0828105064075693,371.722354949395,56.6945892067708,549.243524239824,56.6482467825868,0,0,0.928808096981951,-0.470568105153212,0.0419548270666562,0.0141336109586328,0.00596139203235622,0.484701716111845,0.204441522902797,-0.506636523391932,0.0451706086574647,0.52185345679783,0.220111693219627
1378874975,0.016017508647395,0.00845867696222851,0.168948397813268,0.0480620211128799,371.109947404757,42.9076285640783,568.951705569954,66.6963604294422,0,0,0.510167510051069,-0.418640586930882,0.0394394239761884,0.00817161250386297,0.00438347147053583,0.426812199434745,0.228953477494731,-0.82059437083513,0.0773068123688244,0.836611879482524,0.448780984645243
1378878575,0.0152985342321637,0.0105743119065085,0.132021368531272,0.0384513658375744,331.306842388703,62.940712335202,565.816744586411,51.7986413689585,19.768,17.2039079862687,0.243223133364022,-0.266944376687048,0.0422014787175474,0.00372095743182361,0.00263833204639594,0.270665334118871,0.191914322573776,-1.09752873007981,0.173509312760913,1.11282726431198,0.789046337490217
1378882175,0.0166380104501703,0.0107893124798191,0.106940946698519,0.0231860986517318,378.470859779397,52.0234442713346,586.703654943632,82.3319307313036,63.8665,12.9025774363109,0.13342157015495,-0.109801563209072,0.0190813964617807,0.00221986947851618,0.00149032108509078,0.112021432687588,0.0752061797921476,-0.822967104056359,0.143015828996919,0.839605114506529,0.563673322872804
1378885775,NA,NA,0.0864200801694155,0.0273612805625919,414.796041272742,80.6139897198657,589.71840855571,82.7272666399687,139.8975,19.354219707857,0.151556412860159,0.0181348427052088,0.0032739790408838,NA,NA,NA,NA,0.119657376174124,0.0216023788046812,NA,NA
1378889375,NA,NA,0.244572747385167,0.168039261605658,468.904409918452,76.7243582982411,636.378685265662,72.5223804522097,268.3905,46.2355911014448,0.25638923215417,0.104832819294011,0.068708148927301,NA,NA,NA,NA,0.408881521322916,0.267983754036854,NA,NA
1378892975,0.0170564060130934,0.00948031095670594,0.497294045097722,0.127696499730102,439.47172367847,30.0900564520466,636.976314203014,43.5573120898144,401.445,47.3111005156295,0.393923705727922,0.137534473573752,0.044583940017361,0.00671892266307778,0.00432325186025759,-0.130815550910674,0.0841725083297993,0.349139875498493,0.113179124203697,-0.3320834694854,0.213677184454434
1378896575,0.0183792757432642,0.0109761604400176,0.710467788528075,0.264928584257308,394.363964871178,27.5470138974194,612.344420609971,48.8119339149302,428.056,29.0309760083949,0.509772885959368,0.115849180231446,0.0602067315689539,0.00936925643748678,0.00741734420771032,-0.106479923793959,0.0842967903867528,0.22725645757605,0.118105009558615,-0.208877181832786,0.165361463327165
1378900175,0.0215238104513564,0.0157254054915478,0.828596623113488,0.252945063300538,463.265757286101,27.172798313194,646.01232655379,26.5061048749249,383.9575,11.8277751289074,0.575250873859917,0.065477987900549,0.0287914969744652,0.012381590770938,0.0105580270336054,-0.053096397129611,0.0452763466869947,0.113825099406097,0.0500503315732058,-0.0923012889547403,0.0787071323911109
1378903775,0.0268133069927777,0.0226703235635469,0.446792477038817,0.0716986575411455,485.032460114016,35.7793261332827,648.564034533038,29.43237846284,340.62,12.9032845430922,0.611145105853209,0.0358942319932919,0.0042110592439361,0.0163868213403757,0.0139876013934243,-0.0195074106529162,0.0166513003811497,0.0587327488177797,0.00689044091755774,-0.031919441825002,0.0272460668042218
1378907375,0.0311656001113314,0.026542337169004,0.306563314173579,0.176761622920088,490.262999750451,90.6350613655868,586.10844040506,125.936666421305,265.349,9.67746340731911,0.683069461670833,0.0719243558176247,0.01861225918475,0.0212882696906956,0.0189487231170765,-0.0506360861269291,0.045071261764923,0.105295815218694,0.0272479743703125,-0.0741302151073624,0.0659834237863244
1378910975,0.0326588694670089,0.0282987344841295,0.466328590636782,0.1179646501194,530.644334673874,20.6884642555146,679.772731518068,18.5446088966035,192.3595,46.2355911014448,0.823317379996623,0.14024791832579,0.0200946767519274,0.0268886148432295,0.0236152156072115,-0.113359303482561,0.0995590292929522,0.170344901897207,0.0244069629041596,-0.137686032430198,0.120924241017918
1378914575,0.033681471430299,0.0272527081494449,1.35482140077755,1.40315984533713,558.805089682846,65.3247032613182,688.108079804589,63.4027288068676,107.9645,32.2575042509491,0.977665585181249,0.154348205184626,0.221522785498042,0.0329292154756688,0.0542536481963402,-0.121418989708957,0.200047983435628,0.15787423381177,0.226583392988077,-0.124192762381471,0.204618006880687
1378918175,0.0325266328513688,0.0226301055028142,1.58337687910481,0.357246849002295,563.908155611926,26.1237293474912,689.54800306846,23.33740871627,46.379,16.1291056788652,1.03093412684159,0.0532685416603434,0.0184590054433509,0.0335328158377229,0.0260637884897891,-0.0197357258226205,0.0153398326589259,0.0516701700656073,0.0179051260044156,-0.0191435372142385,0.0148795468687428
1378921775,0.0300365358593164,0.0186465267866154,0.873929934363311,0.263828677181914,537.639326827227,24.670579805689,690.802782467392,31.1808337807084,4.562,6.45164227154606,0.940694778019471,-0.090239348822122,0.025308663963908,0.0282552124326535,0.0192476884733712,0.118494561254776,0.0807194922443743,-0.0959284041228666,0.0269042249997312,0.125964939982183,0.0858083770958316
1378925375,0.0293277795564657,0.0172946916301541,0.496605486097682,0.133794114949668,526.612705307101,25.8042634129658,665.186209139076,36.7089078641848,0,0,0.772109175298379,-0.168585602721091,0.0292131763627962,0.0226442476866754,0.013917970218762,0.191229850407767,0.117536753693069,-0.218344255080173,0.0378355513668217,0.247672034636639,0.152228153029845
1378928975,0.028827971784604,0.0200040981279192,0.662112920026866,0.309475379791743,513.966819430555,34.3070171787869,669.737796745983,49.552679227934,0,0,0.590725396185507,-0.181383779112872,0.0950252254118253,0.0170294150536848,0.0148065463956359,0.198413194166557,0.172514097264765,-0.307052617483728,0.160861926752146,0.335880589268332,0.29203771901249
1378932575,0.0340987683150388,0.0300540987141033,0.462911657841739,0.279834326844873,523.086909089301,42.0245335783521,679.594870367533,41.0793342436914,0,0,0.415224130708243,-0.175501265477264,0.118276551994907,0.0141586314318338,0.0157092324659629,0.189659896909098,0.210430748505591,-0.422666344506311,0.284849899723226,0.45676511282135,0.506788341387245
1378936175,NA,NA,0.130086313685884,0.0445458650728524,436.410574720584,61.4657421319596,639.400716346403,81.2465624151014,0,0,0.266780950979637,-0.148443179728606,0.0247863643595768,NA,NA,NA,NA,-0.556423459709224,0.092909048672927,NA,NA
1378939775,NA,NA,0.192948099533115,0.0650524206531533,433.494196337562,27.902597381181,596.670844873276,67.7431994499689,0,0,0.171937142690467,-0.0948438082891695,0.0358841563645233,NA,NA,NA,NA,-0.551619078955578,0.208705087237167,NA,NA
1378943375,0.0442787955498853,0.0514926167102702,0.11343933950307,0.0494932768653571,452.596579845789,83.811598957401,595.1880637716,76.3550019791745,0,0,0.13680759220276,-0.0351295504877069,0.0127089187116659,0.00605767540481811,0.00737758796648745,0.041187225892525,0.0501615490780521,-0.256780708746354,0.0928962969601147,0.301059504296239,0.366657641366193
1378946975,0.0523445518101041,0.0598559967531399,0.115566877822241,0.0354912364015606,365.548974516698,52.2032153330715,586.112742934829,50.7729309980615,0,0,0.164281130913359,0.0274735387105989,0.00593537341594961,0.00859922216851683,0.0100071652032197,-0.018874316542082,0.0219645916843493,0.167234901280831,0.0361293678887558,-0.114890349470727,0.133701244703101
1378950575,0.0561275513644926,0.0561043162193613,0.315571185951264,0.207364840140254,462.585296728475,67.8860382829541,652.803647673621,55.8002453463845,0,0,0.252075065898446,0.0877939349850864,0.0722220392111323,0.0141483562089229,0.0183159446433564,-0.0736455787761636,0.0953388735888242,0.34828488360073,0.286510047924489,-0.292157332236237,0.378216200198213
1378954175,NA,NA,0.335140166805034,0.0970604206770095,477.875571877868,47.6290951791783,634.611858657805,49.7432231096955,0,0,0.391293227572018,0.139218161673572,0.0345331132403252,NA,NA,NA,NA,0.355789857487245,0.0882537974260476,NA,NA
1378957775,NA,NA,NA,0,NA,NA,NA,NA,0,0,NA,NA,NA,NA,NA,NA,NA,NA,NA,NA,NA
1378961375,NA,NA,NA,0,NA,NA,NA,NA,0,0,NA,NA,NA,NA,NA,NA,NA,NA,NA,NA,NA
1378964975,NA,NA,NA,0,NA,NA,NA,NA,6.0825,8.60195399313435,NA,NA,NA,NA,NA,NA,NA,NA,NA,NA,NA
1378968575,NA,NA,NA,0,NA,NA,NA,NA,44.8585,13.9787939572769,NA,NA,NA,NA,NA,NA,NA,NA,NA,NA,NA
1378972175,NA,NA,NA,0,NA,NA,NA,NA,90.4775,22.58004084363,NA,NA,NA,NA,NA,NA,NA,NA,NA,NA,NA
1378975775,NA,NA,NA,0,NA,NA,NA,NA,178.6735,29.0316831151761,NA,NA,NA,NA,NA,NA,NA,NA,NA,NA,NA
1378979375,NA,NA,NA,0,NA,NA,NA,NA,180.1945,5.37613285736133,NA,NA,NA,NA,NA,NA,NA,NA,NA,NA,NA
1378982975,NA,NA,NA,0,NA,NA,NA,NA,212.8875,32.2575042509491,NA,NA,NA,NA,NA,NA,NA,NA,NA,NA,NA
1378986575,NA,NA,NA,0,NA,NA,NA,NA,244.821,27.9561737009913,NA,NA,NA,NA,NA,NA,NA,NA,NA,NA,NA
1378990175,NA,NA,NA,0,NA,NA,NA,NA,245.327666666667,24.7228120636252,NA,NA,NA,NA,NA,NA,NA,NA,NA,NA,NA
1378993775,NA,NA,NA,0,NA,NA,NA,NA,228.854,48.3859028230331,NA,NA,NA,NA,NA,NA,NA,NA,NA,NA,NA
1378997375,NA,NA,NA,0,NA,NA,NA,NA,149.7815,11.8277751289074,NA,NA,NA,NA,NA,NA,NA,NA,NA,NA,NA
1379000975,NA,NA,2.90602130545036,3.10943456989182,483.116306781377,7.71180630173464,736.810951388804,26.5293604708288,72.2295,29.0316831151761,2.55403348836717,0.166364635445781,0.202542351546564,NA,NA,NA,NA,0.0651380008146017,0.079302934933736,NA,NA
1379004575,0.0645069842187665,0.0690322497371586,1.80634009501382,0.579043370405565,441.459874691487,34.1571385088042,678.410154684764,30.9894648669766,24.33,10.7522657147226,2.35080425450471,-0.203229233862458,0.0500588427620708,0.151643292946744,0.166524532187354,0.354872526809202,0.389697297946439,-0.0864509384279961,0.0212943475264459,0.150957922646763,0.165771904317293
1379008175,NA,NA,2.48670450525282,0.438659081910564,362.910181040066,26.0184263638909,646.385102028573,29.5436262256255,0.7605,1.07550941418474,2.10068135283841,-0.250122901666293,0.0522300453905072,NA,NA,NA,NA,-0.119067511751999,0.0248633831684823,NA,NA
1379011775,NA,NA,NA,0,NA,NA,NA,NA,0,0,NA,NA,NA,NA,NA,NA,NA,NA,NA,NA,NA
1379015375,NA,NA,NA,0,NA,NA,NA,NA,0,0,NA,NA,NA,NA,NA,NA,NA,NA,NA,NA,NA
1379018975,NA,NA,NA,0,NA,NA,NA,NA,0,0,NA,NA,NA,NA,NA,NA,NA,NA,NA,NA,NA
1379022575,NA,NA,NA,0,NA,NA,NA,NA,0,0,NA,NA,NA,NA,NA,NA,NA,NA,NA,NA,NA
1379026175,NA,NA,0.230003978967268,0.271221223904392,397.776946633108,88.9572889244196,618.966659828579,71.6035029845723,0,0,0.414114584208515,-0.33731335372598,0.220920837192225,NA,NA,NA,NA,-0.81454111153964,0.533477558184685,NA,NA
1379029775,0.062490255537116,0.054626084764636,0.110400562391998,0.0313805336978125,415.689138481532,74.9829505184522,621.747342434842,93.3263067688171,0,0,0.23020270639852,-0.183911877809995,0.0250703085525567,0.0143854259481792,0.012727053183525,0.198297303758174,0.175437303015648,-0.798912752535638,0.108905359736109,0.861403008072754,0.76209922011923
1379033375,0.0623763277055247,0.0474086565700032,0.166897195739949,0.16389040401941,411.858082973856,90.2704193355761,643.805942100232,128.137229672289,0,0,0.135792486536829,-0.094410219861691,0.113945399125579,0.00847023664016932,0.0120810510808256,0.10288045650186,0.146737818908538,-0.695253634935724,0.839114166266297,0.757629962641249,1.08060337247555
1379036975,0.0645023028510796,0.0476647961762167,0.150288970161165,0.038008640627671,414.267416508737,68.2262039479892,632.445720452023,75.6186808180598,0,0,0.0972631559712692,-0.0385293305655601,0.0150565490546461,0.0062736975427106,0.00524436104419163,0.0448030281082707,0.0374521171403682,-0.396134900012306,0.154802184900249,0.460637202863386,0.385059653538605
1379040575,0.0669390886036623,0.0460360794092537,0.128584385079798,0.0608446826802863,424.250209048046,104.804449754542,672.39953068391,125.445420286173,0,0,0.0834640335298667,-0.0137991224414025,0.0100594614315292,0.00558700633567479,0.00559929636658539,0.0193861287770773,0.019428773461474,-0.16533016507601,0.120524506258489,0.232269253679672,0.232780188540991
1379044175,0.0697891546210778,0.0420599553418588,0.122972329806681,0.0405601887342601,463.37407026125,78.6682841310693,628.817992439277,88.9120103878978,0,0,0.0755484893480648,-0.0079155441818019,0.00424966758063288,0.00527246520450094,0.00425553399042639,0.0131880093863028,0.0106443608507012,-0.104774354194346,0.0562508611000007,0.174563508815424,0.140894423469684
1379047775,0.0735489357993488,0.0391611285539564,0.0543074762676106,0.0342944131395435,482.897006897851,151.094218489127,533.577429172756,190.283593051168,0,0,0.0666548440345485,-0.00889364531351636,0.0045758466787531,0.00490239284461261,0.00362982672388547,0.013796038158129,0.0102148541696636,-0.133428341815737,0.0686498745144667,0.206977277615086,0.15324998981873
1379051375,0.0761482086996721,0.0395561903303636,0.052329096926573,0.0233773538980342,466.051591062584,134.881568612062,648.492156452859,216.645581894038,0,NA,0.0594182828936204,-0.00723656114092802,0.00284713126259662,0.00452459580635957,0.00294840765744697,0.0117611569472876,0.00766404043319811,-0.121790142503512,0.0479167543042936,0.197938351203184,0.128984549198761
1379054975,0.0785863195936931,0.0403649200423238,0.06418261644478,0.0200197455614278,487.840426455069,85.7307161228103,588.498000309178,122.817686999413,34.9745,12.9025774363109,0.0560821080472461,-0.00333617484637432,0.00119092120282966,0.00440728646648891,0.0027567675348507,0.00774346131286323,0.00484355235743954,-0.059487329605438,0.021235314511116,0.138073649199131,0.0863653761616648
1379058575,0.0798077943229603,0.0444526574760503,0.0582164631469882,0.0227002068622961,500.79755366099,91.892528733863,607.581319284808,126.161142654049,69.949,10.7522657147226,0.0574977536338081,0.00141564558656192,0.000558899185232809,0.0045887688960392,0.00313286703563022,0.00317312330947727,0.00216637046699645,0.0246208851145367,0.00972036557797247,0.0551869092084236,0.0376774800767634
1379062175,0.0850339318758926,0.0478508973425563,0.082348956776898,0.0174080267794382,491.272812377756,68.7910930742066,586.329308967978,92.2729712489589,102.642,13.9780868504957,0.065629213337517,0.00813145970370899,0.00215685456338039,0.00558071005601085,0.00347180434500137,-0.00255074964769815,0.00158684174970726,0.123900002608452,0.0328642452605389,-0.0388660707325591,0.0241788933465722
1379065775,0.0859528364349307,0.0514525579175413,0.0782219282592287,0.0262825513130121,475.682066381956,87.1342506029411,577.14928032197,126.615799503398,132.2945,6.45093516476487,0.0836200816424235,0.0179908683049065,0.00565469334760199,0.00718738320008678,0.00485948293824271,-0.0108034851048197,0.00730437630482771,0.215150092555985,0.0676236286372287,-0.129197256121055,0.0873519394068844
1379069375,0.0851315171934207,0.0540448881035864,0.0719881300167221,0.0289218831119594,495.821995051444,153.426261141246,576.380157373224,122.888014421884,177.913,45.1600816872601,0.117270937626827,0.0336508559844037,0.00829912460063472,0.00998345284286681,0.00679934995257342,-0.0236674031415369,0.0161189679523477,0.286949662596589,0.0707688091233969,-0.201818145403168,0.13745066150695
1379072975,0.0873842215013241,0.0564606714025877,0.0942356995236608,0.0379054630588053,269.648651871409,133.537054851603,447.785552142579,131.327252489369,305.6455,64.5143013951171,0.17024399450907,0.0529730568822431,0.0117946495355223,0.0148766389254508,0.0101668023882293,-0.0380964179567923,0.0260353669271004,0.31115962143041,0.0692808552192063,-0.223775399929086,0.152929723025932
1379076575,0.087633658555114,0.055833710804474,0.265416857143521,0.200074345641861,311.28833977332,133.440867825165,570.92473000579,157.460039553665,323.8935,88.1698516529318,0.23499959708155,0.0647556025724796,0.0551317320209585,0.0205938744512339,0.0218991495581424,-0.0441617281212457,0.0469607742420338,0.275556228081566,0.234603517221464,-0.187922569526452,0.199833424504713
1379080175,0.0883935852208392,0.0530211467151702,0.37275428009063,0.125257389339111,327.628195053377,71.2079831641393,615.982534766418,94.8509769284872,248.6225,5.37613285736133,0.290380642064076,0.0553810449825257,0.0238889378578216,0.0256677860307729,0.0189640337124938,-0.0297132589517528,0.021952935239274,0.190718790994013,0.0822676666323725,-0.102325205773174,0.0756005465213822
1379083775,0.0889753028055518,0.0476898755775377,0.401764980852724,0.145269061114968,214.947522183133,77.1108465271675,584.501832221287,96.338117668923,179.4335,32.2575042509491,0.320697238615722,0.030316596551646,0.0137327765473407,0.0285341339147381,0.0200242773274393,-0.00178246263690791,0.00125087119426489,0.0945333881966261,0.0428216239298402,-0.00555808539107431,0.00390047385398212
1379087375,NA,NA,0.235763953968958,0.138476502065854,208.98057146891,93.6167884735041,618.622702000924,57.818039617315,88.7033333333333,37.6895145940264,0.329078310288247,0.00838107167252566,0.00352676385070165,NA,NA,NA,NA,0.0254683198816248,0.0107170960237777,NA,NA
1379090975,NA,NA,NA,0,NA,NA,NA,NA,20.5285,11.8277751289074,NA,NA,NA,NA,NA,NA,NA,NA,NA,NA,NA
1379094575,NA,NA,NA,0,NA,NA,NA,NA,0.7605,1.07550941418474,NA,NA,NA,NA,NA,NA,NA,NA,NA,NA,NA
1379098175,NA,NA,NA,0,NA,NA,NA,NA,0,0,NA,NA,NA,NA,NA,NA,NA,NA,NA,NA,NA
1379101775,NA,NA,NA,0,NA,NA,NA,NA,0,0,NA,NA,NA,NA,NA,NA,NA,NA,NA,NA,NA
1379105375,NA,NA,NA,0,NA,NA,NA,NA,0,0,NA,NA,NA,NA,NA,NA,NA,NA,NA,NA,NA
1379108975,NA,NA,NA,0,NA,NA,NA,NA,0,0,NA,NA,NA,NA,NA,NA,NA,NA,NA,NA,NA
1379112575,NA,NA,NA,0,NA,NA,NA,NA,0,0,NA,NA,NA,NA,NA,NA,NA,NA,NA,NA,NA
1379116175,NA,NA,NA,0,NA,NA,NA,NA,0,0,NA,NA,NA,NA,NA,NA,NA,NA,NA,NA,NA
1379119775,NA,NA,NA,0,NA,NA,NA,NA,0,0,NA,NA,NA,NA,NA,NA,NA,NA,NA,NA,NA
1379123375,NA,NA,NA,0,NA,NA,NA,NA,0,0,NA,NA,NA,NA,NA,NA,NA,NA,NA,NA,NA
1379126975,NA,NA,NA,0,NA,NA,NA,NA,0,0,NA,NA,NA,NA,NA,NA,NA,NA,NA,NA,NA
1379130575,NA,NA,NA,0,NA,NA,NA,NA,0,0,NA,NA,NA,NA,NA,NA,NA,NA,NA,NA,NA
1379134175,NA,NA,NA,0,NA,NA,NA,NA,0,0,NA,NA,NA,NA,NA,NA,NA,NA,NA,NA,NA
1379137775,NA,NA,NA,0,NA,NA,NA,NA,7.603,10.7522657147226,NA,NA,NA,NA,NA,NA,NA,NA,NA,NA,NA
1379141375,NA,NA,NA,0,NA,NA,NA,NA,34.214,1.07480230740355,NA,NA,NA,NA,NA,NA,NA,NA,NA,NA,NA
1379144975,NA,NA,NA,0,NA,NA,NA,NA,82.874,35.482618279941,NA,NA,NA,NA,NA,NA,NA,NA,NA,NA,NA
1379148575,NA,NA,NA,0,NA,NA,NA,NA,155.104,4.3006234431766,NA,NA,NA,NA,NA,NA,NA,NA,NA,NA,NA
1379152175,NA,NA,NA,0,NA,NA,NA,NA,164.2275,2.15031172158829,NA,NA,NA,NA,NA,NA,NA,NA,NA,NA,NA
1379155775,NA,NA,NA,0,NA,NA,NA,NA,192.359,13.9780868504957,NA,NA,NA,NA,NA,NA,NA,NA,NA,NA,NA
1379159375,NA,NA,NA,0,NA,NA,NA,NA,261.5475,83.8692282097552,NA,NA,NA,NA,NA,NA,NA,NA,NA,NA,NA
1379162975,NA,NA,NA,0,NA,NA,NA,NA,291.2,7.52644457894962,NA,NA,NA,NA,NA,NA,NA,NA,NA,NA,NA
1379166575,NA,NA,NA,0,NA,NA,NA,NA,245.581,13.9780868504957,NA,NA,NA,NA,NA,NA,NA,NA,NA,NA,NA
1379170175,NA,NA,NA,0,NA,NA,NA,NA,182.475,17.2039079862687,NA,NA,NA,NA,NA,NA,NA,NA,NA,NA,NA
1379173775,NA,NA,NA,0,NA,NA,NA,NA,150.542,6.45164227154608,NA,NA,NA,NA,NA,NA,NA,NA,NA,NA,NA
1379177375,NA,NA,NA,0,NA,NA,NA,NA,60.825,27.9561737009913,NA,NA,NA,NA,NA,NA,NA,NA,NA,NA,NA
1379180975,NA,NA,NA,0,NA,NA,NA,NA,5.322,7.52644457894961,NA,NA,NA,NA,NA,NA,NA,NA,NA,NA,NA
1379184575,NA,NA,NA,0,NA,NA,NA,NA,0,0,NA,NA,NA,NA,NA,NA,NA,NA,NA,NA,NA
1379188175,NA,NA,NA,0,NA,NA,NA,NA,0,0,NA,NA,NA,NA,NA,NA,NA,NA,NA,NA,NA
1379191775,NA,NA,NA,0,NA,NA,NA,NA,0,0,NA,NA,NA,NA,NA,NA,NA,NA,NA,NA,NA
1379195375,NA,NA,NA,0,NA,NA,NA,NA,0,0,NA,NA,NA,NA,NA,NA,NA,NA,NA,NA,NA
1379198975,NA,NA,NA,0,NA,NA,NA,NA,0,0,NA,NA,NA,NA,NA,NA,NA,NA,NA,NA,NA
1379202575,NA,NA,NA,0,NA,NA,NA,NA,0,0,NA,NA,NA,NA,NA,NA,NA,NA,NA,NA,NA
1379206175,NA,NA,NA,0,NA,NA,NA,NA,0,0,NA,NA,NA,NA,NA,NA,NA,NA,NA,NA,NA
1379209775,NA,NA,NA,0,NA,NA,NA,NA,0,0,NA,NA,NA,NA,NA,NA,NA,NA,NA,NA,NA
1379213375,NA,NA,NA,0,NA,NA,NA,NA,0,0,NA,NA,NA,NA,NA,NA,NA,NA,NA,NA,NA
1379216975,NA,NA,NA,0,NA,NA,NA,NA,0,0,NA,NA,NA,NA,NA,NA,NA,NA,NA,NA,NA
1379220575,NA,NA,NA,0,NA,NA,NA,NA,0,0,NA,NA,NA,NA,NA,NA,NA,NA,NA,NA,NA
1379224175,NA,NA,NA,0,NA,NA,NA,NA,7.603,6.45164227154606,NA,NA,NA,NA,NA,NA,NA,NA,NA,NA,NA
1379227775,NA,NA,NA,0,NA,NA,NA,NA,33.4535,8.60195399313435,NA,NA,NA,NA,NA,NA,NA,NA,NA,NA,NA
1379231375,NA,NA,NA,0,NA,NA,NA,NA,86.676,34.4078159725374,NA,NA,NA,NA,NA,NA,NA,NA,NA,NA,NA
1379234975,NA,NA,NA,0,NA,NA,NA,NA,247.1015,121.502865318066,NA,NA,NA,NA,NA,NA,NA,NA,NA,NA,NA
1379238575,NA,NA,NA,0,NA,NA,NA,NA,174.872,4.3006234431766,NA,NA,NA,NA,NA,NA,NA,NA,NA,NA,NA
1379242175,NA,NA,NA,0,NA,NA,NA,NA,282.836,23.6555502578148,NA,NA,NA,NA,NA,NA,NA,NA,NA,NA,NA
1379245775,NA,NA,NA,0,NA,NA,NA,NA,428.056,317.196788331786,NA,NA,NA,NA,NA,NA,NA,NA,NA,NA,NA
1379249375,NA,NA,NA,0,NA,NA,NA,NA,165.748,17.2039079862687,NA,NA,NA,NA,NA,NA,NA,NA,NA,NA,NA
1379252975,NA,NA,NA,0,NA,NA,NA,NA,156.6245,49.4614122372178,NA,NA,NA,NA,NA,NA,NA,NA,NA,NA,NA
1379256575,NA,NA,NA,0,NA,NA,NA,NA,140.658,44.0852793798565,NA,NA,NA,NA,NA,NA,NA,NA,NA,NA,NA
1379260175,NA,NA,NA,0,NA,NA,NA,NA,52.4615,24.7310596719995,NA,NA,NA,NA,NA,NA,NA,NA,NA,NA,NA
1379263775,NA,NA,NA,0,NA,NA,NA,NA,33.454,12.9032845430921,NA,NA,NA,NA,NA,NA,NA,NA,NA,NA,NA
1379267375,NA,NA,NA,0,NA,NA,NA,NA,1.5205,2.15031172158829,NA,NA,NA,NA,NA,NA,NA,NA,NA,NA,NA
1379270975,NA,NA,NA,0,NA,NA,NA,NA,0,0,NA,NA,NA,NA,NA,NA,NA,NA,NA,NA,NA
1379274575,NA,NA,NA,0,NA,NA,NA,NA,0,0,NA,NA,NA,NA,NA,NA,NA,NA,NA,NA,NA
1379278175,NA,NA,NA,0,NA,NA,NA,NA,0,0,NA,NA,NA,NA,NA,NA,NA,NA,NA,NA,NA
1379281775,NA,NA,NA,0,NA,NA,NA,NA,0,0,NA,NA,NA,NA,NA,NA,NA,NA,NA,NA,NA
1379285375,NA,NA,NA,0,NA,NA,NA,NA,0,0,NA,NA,NA,NA,NA,NA,NA,NA,NA,NA,NA
1379288975,NA,NA,NA,0,NA,NA,NA,NA,0,0,NA,NA,NA,NA,NA,NA,NA,NA,NA,NA,NA
1379292575,NA,NA,NA,0,NA,NA,NA,NA,0,0,NA,NA,NA,NA,NA,NA,NA,NA,NA,NA,NA
1379296175,NA,NA,NA,0,NA,NA,NA,NA,0,0,NA,NA,NA,NA,NA,NA,NA,NA,NA,NA,NA
1379299775,NA,NA,NA,0,NA,NA,NA,NA,0,0,NA,NA,NA,NA,NA,NA,NA,NA,NA,NA,NA
1379303375,NA,NA,NA,0,NA,NA,NA,NA,0,0,NA,NA,NA,NA,NA,NA,NA,NA,NA,NA,NA
1379306975,NA,NA,NA,0,NA,NA,NA,NA,0,0,NA,NA,NA,NA,NA,NA,NA,NA,NA,NA,NA
1379310575,NA,NA,NA,0,NA,NA,NA,NA,7.6035,8.60195399313435,NA,NA,NA,NA,NA,NA,NA,NA,NA,NA,NA
1379314175,NA,NA,NA,0,NA,NA,NA,NA,74.511,23.6555502578148,NA,NA,NA,NA,NA,NA,NA,NA,NA,NA,NA
1379317775,NA,NA,NA,0,NA,NA,NA,NA,124.6915,32.2575042509491,NA,NA,NA,NA,NA,NA,NA,NA,NA,NA,NA
1379321375,NA,NA,NA,0,NA,NA,NA,NA,170.31,40.8594582440835,NA,NA,NA,NA,NA,NA,NA,NA,NA,NA,NA
1379324975,NA,NA,NA,0,NA,NA,NA,NA,212.8875,53.7620356803944,NA,NA,NA,NA,NA,NA,NA,NA,NA,NA,NA
1379328575,NA,NA,NA,0,NA,NA,NA,NA,476.716,170.964277555283,NA,NA,NA,NA,NA,NA,NA,NA,NA,NA,NA
1379332175,NA,NA,NA,0,NA,NA,NA,NA,562.6315,169.888768141099,NA,NA,NA,NA,NA,NA,NA,NA,NA,NA,NA
1379335775,NA,NA,NA,0,NA,NA,NA,NA,631.8195,241.930221221947,NA,NA,NA,NA,NA,NA,NA,NA,NA,NA,NA
1379339375,NA,NA,NA,0,NA,NA,NA,NA,551.987,70.9666507734443,NA,NA,NA,NA,NA,NA,NA,NA,NA,NA,NA
1379342975,NA,NA,NA,0,NA,NA,NA,NA,321.6125,35.4833253867221,NA,NA,NA,NA,NA,NA,NA,NA,NA,NA,NA
1379346575,NA,NA,NA,0,NA,NA,NA,NA,241.019,84.94473762394,NA,NA,NA,NA,NA,NA,NA,NA,NA,NA,NA
1379350175,NA,NA,NA,0,NA,NA,NA,NA,141.4185,15.0535962646804,NA,NA,NA,NA,NA,NA,NA,NA,NA,NA,NA
1379353775,NA,NA,NA,0,NA,NA,NA,NA,10.6445,15.0535962646804,NA,NA,NA,NA,NA,NA,NA,NA,NA,NA,NA
1379357375,NA,NA,NA,0,NA,NA,NA,NA,0,0,NA,NA,NA,NA,NA,NA,NA,NA,NA,NA,NA
1379360975,NA,NA,0.0379763908738317,0.0237653602485865,406.069230241169,117.126447348588,603.417077843633,187.349988597732,0,0,0.0364069446133784,-0.00385093902203775,0.00251377736104876,NA,NA,NA,NA,-0.10577484770921,0.0690466444724674,NA,NA
1379364575,0.0855565534167773,0.0440966714271298,0.0440533915678365,0.0121166821286075,388.4101903053,121.647626160435,600.812593336004,182.850645762798,0,0,0.0741407154864534,0.037733770873075,0.00616676146410128,0.00634322408487484,0.00342977753823696,-0.0313905467882001,0.0169728502172676,0.508948027079257,0.0831764493185669,-0.423391473662479,0.22892752121294
1379368175,0.0840629651380649,0.0409954636592779,0.130026563863543,0.0504114180693273,365.749906486417,56.1203541349897,636.105998869599,88.3475959531559,0,0,0.113358971634166,0.0392182561477125,0.0174405949358174,0.00952929128056978,0.00628926741912486,-0.0296889648671427,0.0195945148436368,0.3459651722519,0.153852797748572,-0.261902207113835,0.172853675021617
1379371775,NA,NA,0.162686964150761,0.0246688268686667,310.409020405518,61.4530797451377,599.091371966337,77.9160833210791,0,0,0.148801812393947,0.0354428407597813,0.00587582428177691,NA,NA,NA,NA,0.238188232989715,0.0394875854483606,NA,NA
1379375375,NA,NA,NA,0,NA,NA,NA,NA,0,0,NA,NA,NA,NA,NA,NA,NA,NA,NA,NA,NA
1379378975,NA,NA,NA,0,NA,NA,NA,NA,0,0,NA,NA,NA,NA,NA,NA,NA,NA,NA,NA,NA
1379382575,NA,NA,NA,0,NA,NA,NA,NA,0,0,NA,NA,NA,NA,NA,NA,NA,NA,NA,NA,NA
1379386175,NA,NA,NA,0,NA,NA,NA,NA,0,0,NA,NA,NA,NA,NA,NA,NA,NA,NA,NA,NA
1379389775,NA,NA,NA,0,NA,NA,NA,NA,0,0,NA,NA,NA,NA,NA,NA,NA,NA,NA,NA,NA
1379393375,NA,NA,NA,0,NA,NA,NA,NA,0,0,NA,NA,NA,NA,NA,NA,NA,NA,NA,NA,NA
1379396975,NA,NA,NA,0,NA,NA,NA,NA,44.098,45.1600816872601,NA,NA,NA,NA,NA,NA,NA,NA,NA,NA,NA
1379400575,NA,NA,NA,0,NA,NA,NA,NA,222.7715,110.750599603343,NA,NA,NA,NA,NA,NA,NA,NA,NA,NA,NA
1379404175,NA,NA,NA,0,NA,NA,NA,NA,294.241,35.482618279941,NA,NA,NA,NA,NA,NA,NA,NA,NA,NA,NA
1379407775,NA,NA,NA,0,NA,NA,NA,NA,136.096,56.9885639229486,NA,NA,NA,NA,NA,NA,NA,NA,NA,NA,NA
1379411375,NA,NA,NA,0,NA,NA,NA,NA,148.261,59.1381685377557,NA,NA,NA,NA,NA,NA,NA,NA,NA,NA,NA
1379414975,NA,NA,NA,0,NA,NA,NA,NA,581.639,198.920451256275,NA,NA,NA,NA,NA,NA,NA,NA,NA,NA,NA
1379418575,NA,NA,NA,0,NA,NA,NA,NA,698.7275,18.2794174004534,NA,NA,NA,NA,NA,NA,NA,NA,NA,NA,NA
1379422175,NA,NA,NA,0,NA,NA,NA,NA,498.765,144.082906161696,NA,NA,NA,NA,NA,NA,NA,NA,NA,NA,NA
1379425775,NA,NA,NA,0,NA,NA,NA,NA,545.904,137.63126389015,NA,NA,NA,NA,NA,NA,NA,NA,NA,NA,NA
1379429375,NA,NA,NA,0,NA,NA,NA,NA,342.1405,191.393299570544,NA,NA,NA,NA,NA,NA,NA,NA,NA,NA,NA
1379432975,NA,NA,NA,0,NA,NA,NA,NA,335.298,69.8904342524784,NA,NA,NA,NA,NA,NA,NA,NA,NA,NA,NA
1379436575,NA,NA,NA,0,NA,NA,NA,NA,140.658,61.2891873661252,NA,NA,NA,NA,NA,NA,NA,NA,NA,NA,NA
1379440175,NA,NA,NA,0,NA,NA,NA,NA,12.165,17.2039079862687,NA,NA,NA,NA,NA,NA,NA,NA,NA,NA,NA
1379443775,NA,NA,NA,0,NA,NA,NA,NA,0,0,NA,NA,NA,NA,NA,NA,NA,NA,NA,NA,NA
1379447375,0.0824069068072903,0.0402792701675428,0.0524471340374946,0.0172587636136094,446.160324829995,79.068248093981,592.719816705426,154.28520926474,0,0,0.0568608764818003,-0.00437813980534033,0.00132887997236356,0.00468572894921656,0.00269598059695348,0.00906386875455689,0.00521498673108352,-0.0769974027175198,0.0233707261404756,0.15940430952481,0.0917148495372334
1379450975,0.0807331494138237,0.0409291167414329,0.0527351276540229,0.0260659157860012,451.221037456592,145.797094306934,615.427250082851,176.972272628764,0,0,0.0601574835795573,0.00329660709775697,0.00142840221825481,0.00485670311018804,0.00323895392688051,0.00156009601243107,0.0010404340127718,0.0547996176302365,0.0237443811353208,0.0259335317835872,0.0172951717868293
1379454575,0.0734156010583473,0.0344793808471017,0.0595508449156668,0.0256532942000307,430.328035053279,93.7548163897869,663.194866209569,119.064798335711,0,0,0.0670886827992753,0.00693119921971804,0.00265034407180776,0.0049253559719216,0.00298291789084995,-0.00200584324779644,0.00121478848314759,0.103313985765017,0.0395050843334844,-0.0298983847066693,0.0181072042624858
1379458175,0.0689289863796992,0.0287479318213411,0.0831091103167635,0.036466396198995,447.626909740576,80.037828629133,609.180305274198,80.4538273572182,0,0,0.0751901072472728,0.00810142444799751,0.00392910403393017,0.00518277787833539,0.00331519009035273,-0.00291864656966212,0.00186692704416913,0.107745882332032,0.0522555982133232,-0.0388168959523327,0.0248294238765944
1379461775,0.0691479101178958,0.0292602035306341,0.100964441209792,0.0449563705406652,395.863835195225,106.145845350496,645.599774597932,84.3796516349229,0,0,0.0807308312507436,0.00554072400347082,0.00308544873754533,0.00558236826306943,0.00390430894256981,4.16442595986164e-05,2.91259994854185e-05,0.0686320692804681,0.0382189640530539,0.000515840837427682,0.000360779135234659
1379465375,0.06240457762787,0.0148668698415534,0.0814257935264912,0.026318034243056,462.114742863447,93.9042275026727,660.069996551713,119.056338230527,0,0,0.0818733115197459,0.00114248026900229,0.000367248304526763,0.00510926942438477,0.00204424581945912,0.00396678915538248,0.00158713339892872,0.0139542452576473,0.00448556797947756,0.0484503323702228,0.0193852351818693
1379468975,0.059970076191663,0.0147244544333789,0.05948547565423,0.0255692055914604,473.522828398014,116.174762400603,600.942692351137,104.466717244703,0,0,0.0805546352429547,-0.00131867627679121,0.000418566910869412,0.00483086761311162,0.00193859852267439,0.00614954388990282,0.00246777549186619,-0.016369961490286,0.00519606239426203,0.076340037681949,0.0306348043712608
1379472575,0.0587797611553312,0.0127658565071369,0.0909585707632335,0.0448099386838643,366.80994545318,124.96284517482,596.431706995207,115.241438749033,0,0,0.0785998663446619,-0.0019547688982928,0.00111441760078227,0.00462008137058018,0.00281856738698735,0.00657485026887298,0.00401111085622357,-0.0248698756015831,0.0141783650864688,0.0836496367569143,0.051032031513066
1379476175,0.0563700066802172,0.0130067132614364,0.0720195510190214,0.0218999343204923,402.732793544772,97.3227554064578,624.426537960018,116.209603329995,0,0,0.0747419947790166,-0.00385787156564528,0.00113038371740442,0.00421320674498593,0.00157132428777859,0.00807107831063121,0.00301012557552529,-0.0516158496579001,0.0151238098574507,0.107985856338117,0.0402735514943784
1379479775,0.0543471498891355,0.0150622952201144,0.0634357055151204,0.0355326413076641,392.665580462562,127.714947209051,666.089302246784,134.123677824793,0,0,0.0688122206392866,-0.00592977413972999,0.00306196393002603,0.00373974806928757,0.00219166801125099,0.00966952220901756,0.00566679415750645,-0.0861732710358795,0.0444973858070477,0.140520420925015,0.0823515664057953
1379483375,0.0513849809951381,0.0187984640491739,0.0825480784796,0.159097816716917,514.165279560217,302.767607048664,464.356410423983,197.922251468308,6.0825,8.60195399313435,0.0604739644705659,-0.00833825616872075,0.0219366857007617,0.00310745351502068,0.0082539006193516,0.0114457096837414,0.0304016616148555,-0.137881751952597,0.362745950142541,0.189266732947735,0.502723145092508
1379486975,0.0484488943273088,0.0195317910073952,0.0523235196078982,0.0447157616089918,275.353120345883,117.173406920564,636.990186609291,219.625590567216,101.1215,91.3956727887048,0.0492961562247881,-0.0111778082457778,0.0101392126102094,0.00238834426367726,0.00237075529308357,0.0135661525094551,0.0134662445266792,-0.226748069257318,0.205679578017708,0.275196963584627,0.273170274478881
1379490575,NA,NA,0.0319392767073908,0.0180746935541755,359.239628745915,149.794149256001,587.474547372959,216.751259232453,253.9445,30.1064854225796,0.03851861951808,-0.010777536706708,0.00505731190992421,NA,NA,NA,NA,-0.279800700065308,0.131295253391685,NA,NA
1379494175,NA,NA,0.0251951362635589,0.0154119268166766,444.215011314055,176.430268941719,542.301298930778,231.826669617672,413.61,40.8594582440835,0.0325580940825751,-0.00596052543550499,0.00282151595139308,NA,NA,NA,NA,-0.183073536810468,0.086660968060263,NA,NA
1379497775,0.0464393217605154,0.0215156776986326,0.0322229755565966,0.017097992879755,357.298797057096,188.192768658754,475.630051914341,130.509717431045,478.997,10.7522657147227,0.0345227683681856,0.00196467428561057,0.000973038621588756,0.00160321394831392,0.00108728548790653,-0.000361460337296654,0.000245139196555629,0.0569095231488188,0.028185416975003,-0.0104702013883034,0.00710079776746804
1379501375,0.0454339831848631,0.0222548465447926,0.0247400790457296,0.0140986410500784,437.991968456465,196.352870986261,516.227468433644,246.524758777806,338.592333333333,106.534471756016,0.0458849490672412,0.0113621806990555,0.00349115146640708,0.00208473600435933,0.00120544044260054,-0.00927744469469621,0.00536442360835679,0.247623260568625,0.0760848935735123,-0.202189277383762,0.11691030975093
1379504975,0.0414578683442788,0.0244668907000651,0.0514502129491734,0.0259324574637302,424.900700967668,115.510044953192,659.838609473197,165.225805338279,507.1285,87.0950493455283,0.0665102291290271,0.020625280061786,0.0080418336379833,0.00275737232277903,0.00195037173793406,-0.0178679077390069,0.0126385044131616,0.310106886292239,0.120911230397094,-0.26864901794796,0.190023468249425
1379508575,0.0396360871383768,0.0214423963792209,0.10393947254156,0.0309805236539829,458.262206840401,88.8151776679102,591.386780381968,83.168949915712,566.433,84.94473762394,0.0919128598417957,0.0254026307127686,0.00856231438152306,0.00364306612182682,0.00232207490198795,-0.0217595645909418,0.0138694542248589,0.276377329097285,0.0931568704995239,-0.236741241958908,0.150897864006534
1379512175,0.0379546789411221,0.0214105451632808,0.121278231179693,0.0279498251513742,439.441304226852,45.1390762099332,609.556628901295,75.3815618137255,513.971,58.0633662303522,0.114646145006017,0.0227332851642215,0.00554219546957266,0.00435135762554071,0.00267405933700232,-0.0183819275386808,0.0112963284558348,0.198290881590727,0.0483417516505399,-0.160336202649605,0.0985321264421229
1379515775,0.0394985293888007,0.0212970438780259,0.124170995891547,0.0303542325616092,406.915915659957,48.1402460528401,672.755223198942,104.805545485347,475.1955,50.5362145446214,0.128959035182693,0.0143128901766758,0.00336895198103883,0.00509369224111498,0.00299673858030039,-0.00921919793556087,0.00542387031354558,0.110987881976623,0.0261242027459815,-0.0714893525878219,0.0420588623810787
1379519375,0.0398057449541054,0.02021320378006,0.197040681031375,0.0507703109998738,396.331914526885,55.174111575553,666.498101646541,54.7977459244435,298.803,61.2891873661252,0.130541658375424,0.00158262319273056,0.000615514408890571,0.00519630795917807,0.00332367159067181,0.00361368476644751,0.00231139137446059,0.0121235107047522,0.00471508035481224,0.0276822342493531,0.017706159115991
1379522975,0.0399277264958157,0.0206411397546128,0.123933204351356,0.0576439068907745,458.876901125515,103.998750695174,548.268776521549,144.572622836517,120.1295,70.9659436666631,0.11738006233245,-0.0131615960429734,0.00646349815939228,0.00468671902487187,0.00334178985171146,0.0178483150678453,0.0127264548711675,-0.112128037602301,0.0550647020537952,0.152055764098116,0.10842092445924
1379526575,0.0399037552567075,0.0205836864655601,0.0421659945589834,0.0223488116829781,496.291641087273,153.318424525878,533.178258191469,220.699516148165,3.0415,4.30133054995777,0.0988954702223606,-0.0184845921100896,0.00417722537924339,0.00394630063975008,0.0022224115459746,0.0224308927498397,0.0126322547581977,-0.18691040215015,0.042238793848203,0.226814157406857,0.127733401032371
1379530175,NA,NA,NA,0,NA,NA,NA,NA,0,0,NA,NA,NA,NA,NA,NA,NA,NA,NA,NA,NA
1379533775,NA,NA,NA,0,NA,NA,NA,NA,0,0,NA,NA,NA,NA,NA,NA,NA,NA,NA,NA,NA
1379537375,NA,NA,0.074775138934917,0.0297638160344899,437.810897015106,72.9904462706941,660.036197950549,149.863605792328,0,0,0.0810137203652725,-0.00596058328569605,0.00218987232747506,NA,NA,NA,NA,-0.0735749853089222,0.0270308821468934,NA,NA
1379540975,0.0396890491968587,0.0206107096199549,0.0742064530617072,0.02757079369896,411.38914637898,145.82051887865,618.405779824807,119.407817046735,0,0,0.0868194073862905,0.00580568702101801,0.00184368223598925,0.0034457797309966,0.00209747194381292,-0.00235990729002141,0.00143649325181557,0.0668708436949637,0.0212358306914726,-0.027181794498105,0.0165457620025451
1379544575,0.0442962559323291,0.0287363485119795,0.102084390742137,0.0371889140684823,454.453409231299,87.6467644918376,567.165167749952,103.414642869524,0,0,0.0950566943134002,0.00823728692710966,0.00322266367353078,0.00421065565938754,0.00318986470472896,-0.00402663126772212,0.00305045342077036,0.0866565683417465,0.0339025430750381,-0.0423603124094174,0.0320908847378289
1379548175,0.045039912415499,0.0310644513757245,0.121467525771254,0.0614046358654765,486.435573245573,108.094457554318,631.580227360375,124.893439563833,0,0,0.100865208397694,0.00580851408429353,0.00353610226887402,0.00454296015200318,0.00417930389626492,-0.00126555393229035,0.00116424848626996,0.0575868941983601,0.0350577005198046,-0.0125469817828611,0.0115426171696343
1379551775,0.0497561343946217,0.0394626929998118,0.12004399340241,0.0319746373130357,516.140025540653,80.6126148572438,691.358851871171,84.6126696742223,0,0,0.100925304359296,6.00959616027241e-05,1.9039294341729e-05,0.00502165300751925,0.00428878105122766,0.00496155704591653,0.00423745563686885,0.00059544989221713,0.000188647380977407,0.0491606845024046,0.0419860575479011
1379555375,NA,NA,0.0716801815155163,0.0392067871825197,474.520763211589,112.384494245781,698.44556669327,186.724712247961,0,0,0.0965501134483446,-0.00437519091095179,0.00177666470604776,NA,NA,NA,NA,-0.045315233247163,0.0184014771458378,NA,NA
1379558975,NA,NA,NA,0,NA,NA,NA,NA,0,0,NA,NA,NA,NA,NA,NA,NA,NA,NA,NA,NA
1379562575,NA,NA,NA,0,NA,NA,NA,NA,0,0,NA,NA,NA,NA,NA,NA,NA,NA,NA,NA,NA
1379566175,NA,NA,NA,0,NA,NA,NA,NA,0,0,NA,NA,NA,NA,NA,NA,NA,NA,NA,NA,NA
1379569775,NA,NA,NA,0,NA,NA,NA,NA,26.611,24.7303525652183,NA,NA,NA,NA,NA,NA,NA,NA,NA,NA,NA
1379573375,NA,NA,NA,0,NA,NA,NA,NA,132.2945,58.062659123571,NA,NA,NA,NA,NA,NA,NA,NA,NA,NA,NA
1379576975,NA,NA,NA,0,NA,NA,NA,NA,174.872,38.708439415714,NA,NA,NA,NA,NA,NA,NA,NA,NA,NA,NA
1379580575,NA,NA,NA,0,NA,NA,NA,NA,212.127,59.1381685377557,NA,NA,NA,NA,NA,NA,NA,NA,NA,NA,NA
1379584175,NA,NA,NA,0,NA,NA,NA,NA,319.3315,356.980737161685,NA,NA,NA,NA,NA,NA,NA,NA,NA,NA,NA
1379587775,NA,NA,NA,0,NA,NA,NA,NA,628.018,23.6555502578147,NA,NA,NA,NA,NA,NA,NA,NA,NA,NA,NA
1379591375,NA,NA,NA,0,NA,NA,NA,NA,604.4485,80.6434070739822,NA,NA,NA,NA,NA,NA,NA,NA,NA,NA,NA
1379594975,NA,NA,NA,0,NA,NA,NA,NA,586.201,76.3420765240244,NA,NA,NA,NA,NA,NA,NA,NA,NA,NA,NA
1379598575,NA,NA,NA,0,NA,NA,NA,NA,538.897,49.781843597842,NA,NA,NA,NA,NA,NA,NA,NA,NA,NA,NA
1379602175,NA,NA,NA,0,NA,NA,NA,NA,434.72925,39.0352232850879,NA,NA,NA,NA,NA,NA,NA,NA,NA,NA,NA
1379605775,NA,NA,NA,0,NA,NA,NA,NA,297.257,48.3251913808937,NA,NA,NA,NA,NA,NA,NA,NA,NA,NA,NA
1379609375,NA,NA,NA,0,NA,NA,NA,NA,140.7115,51.1156977617118,NA,NA,NA,NA,NA,NA,NA,NA,NA,NA,NA
1379612975,NA,NA,NA,0,NA,NA,NA,NA,15.115,21.1723455793951,NA,NA,NA,NA,NA,NA,NA,NA,NA,NA,NA
1379616575,NA,NA,NA,0,NA,NA,NA,NA,1.44,0,NA,NA,NA,NA,NA,NA,NA,NA,NA,NA,NA
1379620175,NA,NA,NA,0,NA,NA,NA,NA,1.44,0,NA,NA,NA,NA,NA,NA,NA,NA,NA,NA,NA
1379623775,NA,NA,NA,0,NA,NA,NA,NA,1.44,0,NA,NA,NA,NA,NA,NA,NA,NA,NA,NA,NA
1379627375,NA,NA,NA,0,NA,NA,NA,NA,1.44,0,NA,NA,NA,NA,NA,NA,NA,NA,NA,NA,NA
1379630975,NA,NA,0.0767863552151786,0.0344850215021811,481.92707853817,105.44705140938,597.691974614494,79.1290330450278,1.44,0,0.0708547775453732,-0.00122358742395102,0.000595520021183168,NA,NA,NA,NA,-0.0172689473644522,0.00840479699201392,NA,NA
1379634575,NA,NA,0.0603773123833583,0.0184751603862479,588.24227282138,79.0652571522325,697.127422823042,124.517586823416,1.44,0,0.0659747273641604,-0.00488005018121278,0.00136657949783089,NA,NA,NA,NA,-0.0739684781761414,0.0207136816236888,NA,NA
1379638175,NA,NA,NA,0,NA,NA,NA,NA,1.44,0,NA,NA,NA,NA,NA,NA,NA,NA,NA,NA,NA
1379641775,NA,NA,NA,0,NA,NA,NA,NA,1.44,0,NA,NA,NA,NA,NA,NA,NA,NA,NA,NA,NA
1379645375,NA,NA,NA,0,NA,NA,NA,NA,1.44,0,NA,NA,NA,NA,NA,NA,NA,NA,NA,NA,NA
1379648975,NA,NA,NA,0,NA,NA,NA,NA,1.44,0,NA,NA,NA,NA,NA,NA,NA,NA,NA,NA,NA
1379652575,NA,NA,NA,0,NA,NA,NA,NA,1.44,0,NA,NA,NA,NA,NA,NA,NA,NA,NA,NA,NA
1379656175,NA,NA,NA,0,NA,NA,NA,NA,12.236,11.4254040628767,NA,NA,NA,NA,NA,NA,NA,NA,NA,NA,NA
1379659775,NA,NA,NA,0,NA,NA,NA,NA,69.45625,18.9292863287728,NA,NA,NA,NA,NA,NA,NA,NA,NA,NA,NA
1379663375,NA,NA,NA,0,NA,NA,NA,NA,133.51375,18.7824546918128,NA,NA,NA,NA,NA,NA,NA,NA,NA,NA,NA
1379666975,NA,NA,NA,0,NA,NA,NA,NA,72.335,17.7617848202257,NA,NA,NA,NA,NA,NA,NA,NA,NA,NA,NA
1379670575,NA,NA,NA,0,NA,NA,NA,NA,73.41475,28.8620016327697,NA,NA,NA,NA,NA,NA,NA,NA,NA,NA,NA
1379674175,NA,NA,NA,0,NA,NA,NA,NA,61.89875,30.2637702583469,NA,NA,NA,NA,NA,NA,NA,NA,NA,NA,NA
1379677775,NA,NA,NA,0,NA,NA,NA,NA,160.14475,37.0628494710899,NA,NA,NA,NA,NA,NA,NA,NA,NA,NA,NA
1379681375,NA,NA,NA,0,NA,NA,NA,NA,124.517,51.2119485732252,NA,NA,NA,NA,NA,NA,NA,NA,NA,NA,NA
1379684975,NA,NA,NA,0,NA,NA,NA,NA,186.0555,60.7709111911283,NA,NA,NA,NA,NA,NA,NA,NA,NA,NA,NA
1379688575,NA,NA,NA,0,NA,NA,NA,NA,83.1315,34.0927672339261,NA,NA,NA,NA,NA,NA,NA,NA,NA,NA,NA
1379692175,NA,NA,NA,0,NA,NA,NA,NA,47.50375,20.1185538972528,NA,NA,NA,NA,NA,NA,NA,NA,NA,NA,NA
1379695775,NA,NA,NA,0,NA,NA,NA,NA,10.0765,5.993116412463,NA,NA,NA,NA,NA,NA,NA,NA,NA,NA,NA
1379699375,NA,NA,NA,0,NA,NA,NA,NA,3.959,5.038,NA,NA,NA,NA,NA,NA,NA,NA,NA,NA,NA
1379702975,NA,NA,NA,0,NA,NA,NA,NA,1.44,0,NA,NA,NA,NA,NA,NA,NA,NA,NA,NA,NA
1379706575,NA,NA,NA,0,NA,NA,NA,NA,1.44,0,NA,NA,NA,NA,NA,NA,NA,NA,NA,NA,NA
1379710175,NA,NA,NA,0,NA,NA,NA,NA,1.44,0,NA,NA,NA,NA,NA,NA,NA,NA,NA,NA,NA
1379713775,NA,NA,NA,0,NA,NA,NA,NA,1.44,0,NA,NA,NA,NA,NA,NA,NA,NA,NA,NA,NA
1379717375,NA,NA,NA,0,NA,NA,NA,NA,1.44,0,NA,NA,NA,NA,NA,NA,NA,NA,NA,NA,NA
1379720975,NA,NA,NA,0,NA,NA,NA,NA,1.44,0,NA,NA,NA,NA,NA,NA,NA,NA,NA,NA,NA
1379724575,NA,NA,NA,0,NA,NA,NA,NA,1.44,0,NA,NA,NA,NA,NA,NA,NA,NA,NA,NA,NA
1379728175,NA,NA,NA,0,NA,NA,NA,NA,1.44,0,NA,NA,NA,NA,NA,NA,NA,NA,NA,NA,NA
1379731775,NA,NA,NA,0,NA,NA,NA,NA,1.44,0,NA,NA,NA,NA,NA,NA,NA,NA,NA,NA,NA
1379735375,NA,NA,NA,0,NA,NA,NA,NA,1.44,0,NA,NA,NA,NA,NA,NA,NA,NA,NA,NA,NA
1379738975,NA,NA,NA,0,NA,NA,NA,NA,1.44,0,NA,NA,NA,NA,NA,NA,NA,NA,NA,NA,NA
1379742575,NA,NA,NA,0,NA,NA,NA,NA,28.0705,32.4552142138465,NA,NA,NA,NA,NA,NA,NA,NA,NA,NA,NA
1379746175,NA,NA,NA,0,NA,NA,NA,NA,73.7745,11.5983384585897,NA,NA,NA,NA,NA,NA,NA,NA,NA,NA,NA
1379749775,NA,NA,NA,0,NA,NA,NA,NA,80.25225,22.1258287434241,NA,NA,NA,NA,NA,NA,NA,NA,NA,NA,NA
1379753375,NA,NA,NA,0,NA,NA,NA,NA,304.4545,67.3389890058748,NA,NA,NA,NA,NA,NA,NA,NA,NA,NA,NA
1379756975,NA,NA,NA,0,NA,NA,NA,NA,299.05625,154.352939707185,NA,NA,NA,NA,NA,NA,NA,NA,NA,NA,NA
1379760575,NA,NA,NA,0,NA,NA,NA,NA,467.11775,116.52839189764,NA,NA,NA,NA,NA,NA,NA,NA,NA,NA,NA
1379764175,NA,NA,NA,0,NA,NA,NA,NA,387.2255,73.3815628728816,NA,NA,NA,NA,NA,NA,NA,NA,NA,NA,NA
1379767775,NA,NA,NA,0,NA,NA,NA,NA,308.41325,51.7336973379054,NA,NA,NA,NA,NA,NA,NA,NA,NA,NA,NA
1379771375,NA,NA,NA,0,NA,NA,NA,NA,439.40775,135.529056012293,NA,NA,NA,NA,NA,NA,NA,NA,NA,NA,NA
1379774975,NA,NA,NA,0,NA,NA,NA,NA,433.64975,34.475388103931,NA,NA,NA,NA,NA,NA,NA,NA,NA,NA,NA
1379778575,NA,NA,NA,0,NA,NA,NA,NA,308.413,52.9344865344575,NA,NA,NA,NA,NA,NA,NA,NA,NA,NA,NA
1379782175,NA,NA,NA,0,NA,NA,NA,NA,113.7205,74.7247024327743,NA,NA,NA,NA,NA,NA,NA,NA,NA,NA,NA
1379785775,NA,NA,NA,0,NA,NA,NA,NA,3.959,4.1346924915887,NA,NA,NA,NA,NA,NA,NA,NA,NA,NA,NA
1379789375,NA,NA,NA,0,NA,NA,NA,NA,1.44,0,NA,NA,NA,NA,NA,NA,NA,NA,NA,NA,NA
1379792975,NA,NA,NA,0,NA,NA,NA,NA,1.44,0,NA,NA,NA,NA,NA,NA,NA,NA,NA,NA,NA
1379796575,NA,NA,NA,0,NA,NA,NA,NA,1.44,0,NA,NA,NA,NA,NA,NA,NA,NA,NA,NA,NA
1379800175,NA,NA,NA,0,NA,NA,NA,NA,1.44,0,NA,NA,NA,NA,NA,NA,NA,NA,NA,NA,NA
1379803775,NA,NA,NA,0,NA,NA,NA,NA,1.44,0,NA,NA,NA,NA,NA,NA,NA,NA,NA,NA,NA
1379807375,NA,NA,NA,0,NA,NA,NA,NA,1.44,0,NA,NA,NA,NA,NA,NA,NA,NA,NA,NA,NA
1379810975,NA,NA,NA,0,NA,NA,NA,NA,1.44,0,NA,NA,NA,NA,NA,NA,NA,NA,NA,NA,NA
1379814575,NA,NA,NA,0,NA,NA,NA,NA,1.44,0,NA,NA,NA,NA,NA,NA,NA,NA,NA,NA,NA
1379818175,NA,NA,NA,0,NA,NA,NA,NA,1.44,0,NA,NA,NA,NA,NA,NA,NA,NA,NA,NA,NA
1379821775,NA,NA,NA,0,NA,NA,NA,NA,1.44,0,NA,NA,NA,NA,NA,NA,NA,NA,NA,NA,NA
1379825375,NA,NA,NA,0,NA,NA,NA,NA,1.44,0,NA,NA,NA,NA,NA,NA,NA,NA,NA,NA,NA
1379828975,NA,NA,NA,0,NA,NA,NA,NA,2.15975,1.4395,NA,NA,NA,NA,NA,NA,NA,NA,NA,NA,NA
1379832575,NA,NA,NA,0,NA,NA,NA,NA,6.118,2.45848747539349,NA,NA,NA,NA,NA,NA,NA,NA,NA,NA,NA
1379836175,NA,NA,NA,0,NA,NA,NA,NA,52.542,19.8249792938101,NA,NA,NA,NA,NA,NA,NA,NA,NA,NA,NA
1379839775,NA,NA,NA,0,NA,NA,NA,NA,88.5295,33.6257922087594,NA,NA,NA,NA,NA,NA,NA,NA,NA,NA,NA
1379843375,NA,NA,NA,0,NA,NA,NA,NA,48.9432,32.0429681084634,NA,NA,NA,NA,NA,NA,NA,NA,NA,NA,NA
1379846975,NA,NA,NA,0,NA,NA,NA,NA,91.7685,39.8471884788208,NA,NA,NA,NA,NA,NA,NA,NA,NA,NA,NA
1379850575,NA,NA,NA,0,NA,NA,NA,NA,168.7815,46.8282557544054,NA,NA,NA,NA,NA,NA,NA,NA,NA,NA,NA
1379854175,NA,NA,NA,0,NA,NA,NA,NA,323.528,180.96655991094,NA,NA,NA,NA,NA,NA,NA,NA,NA,NA,NA
1379857775,NA,NA,NA,0,NA,NA,NA,NA,552.40825,75.7196829117106,NA,NA,NA,NA,NA,NA,NA,NA,NA,NA,NA
1379861375,NA,NA,NA,0,NA,NA,NA,NA,229.60075,144.168158854802,NA,NA,NA,NA,NA,NA,NA,NA,NA,NA,NA
1379864975,NA,NA,NA,0,NA,NA,NA,NA,173.316,121.399298970381,NA,NA,NA,NA,NA,NA,NA,NA,NA,NA,NA
1379868575,NA,NA,NA,0,NA,NA,NA,NA,46.0645,43.185,NA,NA,NA,NA,NA,NA,NA,NA,NA,NA,NA
1379872175,NA,NA,NA,0,NA,NA,NA,NA,2.15975,1.4395,NA,NA,NA,NA,NA,NA,NA,NA,NA,NA,NA
1379875775,NA,NA,NA,0,NA,NA,NA,NA,1.44,0,NA,NA,NA,NA,NA,NA,NA,NA,NA,NA,NA
1379879375,NA,NA,NA,0,NA,NA,NA,NA,1.44,0,NA,NA,NA,NA,NA,NA,NA,NA,NA,NA,NA
1379882975,NA,NA,NA,0,NA,NA,NA,NA,1.44,0,NA,NA,NA,NA,NA,NA,NA,NA,NA,NA,NA
1379886575,NA,NA,NA,0,NA,NA,NA,NA,1.44,0,NA,NA,NA,NA,NA,NA,NA,NA,NA,NA,NA
1379890175,NA,NA,NA,0,NA,NA,NA,NA,1.44,0,NA,NA,NA,NA,NA,NA,NA,NA,NA,NA,NA
1379893775,NA,NA,NA,0,NA,NA,NA,NA,1.44,0,NA,NA,NA,NA,NA,NA,NA,NA,NA,NA,NA
1379897375,NA,NA,NA,0,NA,NA,NA,NA,1.44,0,NA,NA,NA,NA,NA,NA,NA,NA,NA,NA,NA
1379900975,NA,NA,NA,0,NA,NA,NA,NA,1.44,0,NA,NA,NA,NA,NA,NA,NA,NA,NA,NA,NA
1379904575,NA,NA,NA,0,NA,NA,NA,NA,1.44,0,NA,NA,NA,NA,NA,NA,NA,NA,NA,NA,NA
1379908175,NA,NA,NA,0,NA,NA,NA,NA,1.44,0,NA,NA,NA,NA,NA,NA,NA,NA,NA,NA,NA
1379911775,NA,NA,NA,0,NA,NA,NA,NA,1.44,0,NA,NA,NA,NA,NA,NA,NA,NA,NA,NA,NA
1379915375,NA,NA,NA,0,NA,NA,NA,NA,11.87625,11.3575532099421,NA,NA,NA,NA,NA,NA,NA,NA,NA,NA,NA
1379918975,NA,NA,NA,0,NA,NA,NA,NA,87.09,36.2359622934638,NA,NA,NA,NA,NA,NA,NA,NA,NA,NA,NA
1379922575,NA,NA,NA,0,NA,NA,NA,NA,139.6315,31.2297415561939,NA,NA,NA,NA,NA,NA,NA,NA,NA,NA,NA
1379926175,NA,NA,NA,0,NA,NA,NA,NA,169.86125,32.888759927722,NA,NA,NA,NA,NA,NA,NA,NA,NA,NA,NA
1379929775,NA,NA,NA,0,NA,NA,NA,NA,205.489,36.7638061050993,NA,NA,NA,NA,NA,NA,NA,NA,NA,NA,NA
1379933375,NA,NA,NA,0,NA,NA,NA,NA,155.466,101.461776655054,NA,NA,NA,NA,NA,NA,NA,NA,NA,NA,NA
1379936975,NA,NA,NA,0,NA,NA,NA,NA,486.55125,53.0472876992783,NA,NA,NA,NA,NA,NA,NA,NA,NA,NA,NA
1379940575,NA,NA,NA,0,NA,NA,NA,NA,378.9485,139.868069142555,NA,NA,NA,NA,NA,NA,NA,NA,NA,NA,NA
1379944175,NA,NA,NA,0,NA,NA,NA,NA,134.5935,18.45359254093,NA,NA,NA,NA,NA,NA,NA,NA,NA,NA,NA
1379947775,NA,NA,NA,0,NA,NA,NA,NA,181.73725,135.656247047147,NA,NA,NA,NA,NA,NA,NA,NA,NA,NA,NA
1379951375,NA,NA,NA,0,NA,NA,NA,NA,100.4055,47.1516101704562,NA,NA,NA,NA,NA,NA,NA,NA,NA,NA,NA
1379954975,NA,NA,NA,0,NA,NA,NA,NA,88.88925,40.0199604811982,NA,NA,NA,NA,NA,NA,NA,NA,NA,NA,NA
1379958575,NA,NA,NA,0,NA,NA,NA,NA,3.959,5.038,NA,NA,NA,NA,NA,NA,NA,NA,NA,NA,NA
1379962175,NA,NA,NA,0,NA,NA,NA,NA,1.44,0,NA,NA,NA,NA,NA,NA,NA,NA,NA,NA,NA
1379965775,NA,NA,NA,0,NA,NA,NA,NA,1.44,0,NA,NA,NA,NA,NA,NA,NA,NA,NA,NA,NA
1379969375,NA,NA,NA,0,NA,NA,NA,NA,1.44,0,NA,NA,NA,NA,NA,NA,NA,NA,NA,NA,NA
1379972975,NA,NA,NA,0,NA,NA,NA,NA,1.44,0,NA,NA,NA,NA,NA,NA,NA,NA,NA,NA,NA
1379976575,NA,NA,0.0576349095226398,0.0863011135263771,614.113802852926,330.070757701985,284.664133866469,160.412526759811,1.44,0,0.0515250349540217,-0.000152102025369882,0.000254761091782889,NA,NA,NA,NA,-0.00295200237138335,0.00494441375945159,NA,NA
1379980175,0.0488207511820658,0.046564018453568,0.0478215993424606,0.0195149916099212,349.762278666086,151.914256941035,359.983062591026,139.204503440722,1.44,0,0.0403916074058226,-0.011133427548199,0.00537905666912005,0.00197194861500335,0.00210834030552049,0.0131053761632024,0.0140118218972151,-0.275637149973736,0.133172632004356,0.324457901155802,0.346899338677847
1379983775,0.0488102395866118,0.0525815249568944,0.0228560654143114,0.0158125950121888,339.666105896177,175.977263108527,374.138593767328,207.818254960922,1.44,0,0.0305687052907805,-0.0098229021150421,0.00508119567093276,0.00149206582909553,0.00178305133038202,0.0113149679441376,0.0135216344028564,-0.321338506868482,0.166222141978163,0.370148746455094,0.442335855386538
1379987375,0.0495587877064557,0.057299748602494,0.0152911912722085,0.00784989981324387,473.949750416995,302.767237977849,361.619484087657,215.774951789977,1.44,0,0.0248672104119648,-0.00570149487881575,0.00179980636520823,0.00123238880165833,0.00147703842702909,0.00693388368047407,0.00831037464055889,-0.229277622393563,0.072376689439289,0.278836410100019,0.334190064059633
1379990975,0.0480446886569544,0.0606328031774676,0.0204827472922643,0.0110980491456679,473.671552910835,218.288517139873,428.6794560463,317.103799944537,1.44,0,0.0246890800863197,-0.000178130325645093,8.00718010323304e-05,0.00118617916597384,0.00158909354740954,0.00136430949161894,0.00182773013722705,-0.00721494381411948,0.00324320714876284,0.0552596324710739,0.0740299002974923
1379994575,0.0483061718527996,0.0640364703840159,0.0347307713244043,0.0172272752059287,526.287427849002,146.510893596002,589.115530610131,287.620096285801,1.44,0,0.0292929027297173,0.00460382264339764,0.00270752681661134,0.00141502799332907,0.00205212286887104,-0.00318879465006857,0.00462450103912365,0.15716512241469,0.0924294475557242,-0.108858950561891,0.157871040702025
1379998175,0.0470080914344327,0.066812876233146,0.0406312980959207,0.0153499398030798,547.428507457517,130.782913889403,774.589247224056,279.43599466884,1.44,0,0.0370424997277037,0.00774959699798634,0.00321133423207539,0.00174129721415984,0.00257795931026871,-0.0060082997838265,0.00889518012240911,0.209208262265046,0.0866932376508507,-0.162200170830614,0.240134445239842
1380001775,0.0468154942938157,0.0687113365729108,0.0427529808558205,0.0204828759200105,560.833555747138,135.701242423238,740.34531568158,209.563376283406,3.23925,3.5985,0.0472043486165352,0.0101618488888316,0.00440942192844755,0.00220989491330069,0.00338225408059213,-0.00795195397553087,0.0121705012399205,0.215273575139896,0.0934113499641211,-0.168458080846081,0.25782584860534
1380005375,0.0448987758637542,0.0622908832076671,0.0381008135928138,0.0150676983497845,562.00107990803,130.220903271671,648.529357728207,188.469766545447,32.245,22.545619086643,0.0597000020551798,0.0124956534386446,0.00315378107563412,0.00268045701134118,0.00377980163991124,-0.0098151964273034,0.0138407351414337,0.209307420577558,0.0528271518771327,-0.164408644713804,0.231838101590699
1380008975,0.0411888919644856,0.0587252643279927,0.0763508542218786,0.031248856680218,580.250456594765,59.274318985612,777.139042035905,168.780331025247,173.45975,139.532530217569,0.0729237220308873,0.0132237199757075,0.00566655292396064,0.0030036473083784,0.00447170510013599,-0.0102200726673291,0.015215218825052,0.181336327979892,0.0777052071143673,-0.140147436015406,0.208645669767205
1380012575,0.0416956458545313,0.057822290114838,0.0763473995047282,0.0554386902366845,472.9554341898,191.4872708205,647.538854024832,208.667311478478,445.88525,66.8436036499878,0.0815363674861643,0.00861264545527704,0.00585596094398629,0.00339971150296803,0.0052508008544993,-0.00521293395230901,0.00805129436051738,0.105629496638276,0.0718202334066449,-0.0639338507837448,0.0987448252693324
1380016175,0.0415322321453506,0.0587569279428048,0.167173600727623,0.140662877561536,177.342175580496,65.7332838137781,450.783064028185,92.6702438819013,402.7005,117.871605646426,0.0796436502355953,-0.00189271725056905,0.00334282838729574,0.00330777857048785,0.00748520391792507,0.0052004958210569,0.0117682519749764,-0.023764822995558,0.0419723151488821,0.0652970551409086,0.1477613336426
1380019775,0.0423929092980445,0.058768950250321,0.04244903217037,0.0124418670144088,526.366440556499,125.942981682204,260.633805930069,39.9425453939883,481.51325,135.126553285861,0.0643377152232499,-0.0153059350123453,0.00295991872409491,0.00272746292590265,0.00381767139573779,0.018033397938248,0.0252416217368094,-0.237899884371619,0.0460059657671099,0.280292793669664,0.39233009206531
1380023375,0.0399512152196713,0.060160497714472,0.040501320740318,0.0124037800715868,331.083839347928,103.131613842374,423.143772752453,129.197919885724,265.948,172.813495996889,0.046510503830602,-0.0178272113926479,0.00475429830236755,0.00185815114851173,0.00284163718408154,0.0196853625411596,0.0301044714386603,-0.383294308261575,0.102219883914468,0.423245523481246,0.647261778722181
1380026975,0.0390366410208807,0.061071739936968,0.0284126182305379,0.0136237987834928,381.242824454467,169.828070167966,451.233406134874,264.61128687736,348.719,242.777552395878,0.0367857930459605,-0.00972471078464152,0.00360159431093648,0.00143599379780357,0.00230866364136624,0.0111607045824451,0.0179431923180528,-0.264360503863309,0.0979072085366385,0.303397144884189,0.487775057496639
1380030575,0.0354132886616718,0.0627136652811423,0.0182651879717779,0.0115279192195908,413.403605966874,117.989275851191,656.510331367586,424.452182453678,334.32425,76.635602106658,0.0434722984243454,0.00668650537838485,0.00177311751752727,0.00153949705288768,0.00275670309352162,-0.00514700832549717,0.00921649947082734,0.153810716726224,0.0407872963195865,-0.118397428064552,0.212008561886066
1380034175,0.0337762938434925,0.0632719948880562,0.0196343097018319,0.0105427109051583,404.406383897652,247.243958320076,514.527178404479,229.30191933001,192.1735,36.9905870413902,0.0721191752292515,0.0286468768049061,0.00418773148097946,0.00243591845429353,0.00457699728560304,-0.0262109583506126,0.0492493847699847,0.397215812768848,0.0580668243593684,-0.363439518925356,0.682888907331946
1380037775,0.0316521645417913,0.0639674762788063,0.0464107725196596,0.0294247395338548,343.389159551246,119.83183435295,693.267601737644,212.157009451787,93.56775,36.8129434246072,0.121378160261913,0.0492589850326618,0.0119414629547894,0.00384188150039,0.00781991525493452,-0.0454171035322718,0.09244374161746,0.405830710618527,0.0983823031179722,-0.374178546076736,0.761617587694378
1380041375,0.0314323655332717,0.06365873570982,0.218154189224236,0.0633113941346095,371.589726734358,44.7376379013738,751.068080054916,68.1478684161341,18.7135,8.31095712498466,0.176669664316548,0.0552915040546343,0.0198142800522117,0.00555314546743814,0.0114212734325839,-0.0497383585871962,0.102297949305179,0.312965467323048,0.112154399165606,-0.281533101789776,0.579035171096986
1380044975,0.0319605253035989,0.0622385085768229,0.339863124559257,0.145662003519583,459.727223562442,38.9615856939834,814.153513131205,61.6454053517822,1.79975,0.7195,0.210139050533327,0.0334693862167794,0.0231999613614587,0.00671615444184465,0.0138825983105219,-0.0267532317749347,0.0553001533028623,0.15927256800597,0.110402903708653,-0.127312042702371,0.263159813287973
1380048575,0.0326014873737263,0.0612608099560948,0.250864122265239,0.124016794658801,505.89549532836,34.1922242380896,805.029640191105,62.8149099004713,1.44,0,0.203349970457626,-0.0067890800757012,0.00414044785831844,0.0066295114943219,0.0130970733215474,0.0134185915700231,0.026509385769225,-0.0333861866831002,0.0203611923276932,0.0659876740568265,0.13036336179232
1380052175,0.0299363892058129,0.0546721517819235,0.176645489785838,0.0659443941167818,454.029170179157,60.6700351803953,763.639478796957,120.073637780231,1.44,0,0.163816311603271,-0.039533658854355,0.0159143076465038,0.00490406886241624,0.00917118099925368,0.0444377277167712,0.0831037360036707,-0.241329196509425,0.0971472711767862,0.271265585715238,0.50729829765018
1380055775,0.0223933965635439,0.050157632664518,0.0375091009613979,0.0147528205640217,517.317715430795,134.84418349991,412.480892905005,131.319439501523,1.44,0,0.113238588993504,-0.0505777226097669,0.00658930911123909,0.00253579662962769,0.00568937934004643,0.0531135192393945,0.119166874625169,-0.446647411092948,0.0581896080638827,0.469040807656491,1.05235216796993
1380059375,NA,NA,0.0242072471478636,0.00952984539414107,409.116192362058,137.061120220665,384.189751451843,53.5215490867439,1.44,0,0.0743075496116109,-0.038931039381893,0.00499285453876259,NA,NA,NA,NA,-0.523917685152813,0.0671917532587084,NA,NA
1380062975,NA,NA,0.0648471896652215,0,229.439152994158,NA,418.107221369485,NA,1.44,0,0.0551901104568289,-0.019117439154782,0,NA,NA,NA,NA,-0.346392478589731,0,NA,NA
1380066575,NA,NA,0.0169795585031351,0.0135830532739649,442.036893504146,392.487578746011,334.139893270128,58.7926510576858,1.44,0,0.0526812462116836,-0.00250886424514526,0.000646872258147075,NA,NA,NA,NA,-0.0476234794268941,0.0122789854960495,NA,NA
1380070175,NA,NA,0.153843125093315,0,44.4079716938895,NA,167.485083942478,NA,1.44,0,0.061572282658713,0.00889103644702939,0,NA,NA,NA,NA,0.144399981015991,0,NA,NA
1380073775,0.0117687847467646,0.030745812472851,0.0284570776951704,0.0229979260615446,386.22144225101,291.426733061975,375.54893896856,243.703541720642,1.44,0,0.0748956173101349,0.0133233346514219,0.00409114813671684,0.000881430398599035,0.00231857830913275,-0.0124419042528229,0.0327280853607414,0.177892046690147,0.054624666751538,-0.166123261943382,0.436982650469624
1380077375,NA,NA,0.0458894131335766,0.0459311005565368,187.286143549128,104.774495994045,324.484691070215,237.148639133803,1.44,0,0.0979488131158124,0.0230531958056775,0.0108103265472766,NA,NA,NA,NA,0.235359623790642,0.11036710097237,NA,NA
1380080975,NA,NA,0.0915286272513983,0.0598493225355893,290.106360755748,302.549708895135,204.035798633989,91.3651576527763,1.44,0,0.129808494054113,0.0318596809383002,0.0146891798895874,NA,NA,NA,NA,0.24543602612799,0.113160390594039,NA,NA
1380084575,0.00694283248601237,0.0135632888250917,0.241068777595545,0.153524826752072,129.026097377644,65.2308898561586,257.533271728712,83.8351094960168,1.44,0,0.157050766317524,0.0272422722634111,0.0266306572558653,0.00109037716234244,0.00238192545009203,-0.0261518951010686,0.0571287318376623,0.173461568524492,0.169567190789911,-0.166518736038479,0.363759650316892
1380088175,0.0080422853422165,0.013192460966786,0.272554107703548,0.126346096042903,161.934680963392,59.1167059984485,325.59539815811,105.242722855014,10.07675,11.5755750721077,0.161073163272892,0.0040223969553681,0.00315517583264072,0.00129539634001402,0.00235539823014722,-0.00272700061535408,0.00495846114784133,0.0249724837684681,0.0195884638292922,-0.0169301984262516,0.0307839061895162
1380091775,0.00763364898887767,0.0137384194068175,0.0749015529160983,0.0203170214896098,443.61127128296,89.3687311232841,664.184243377851,114.666058587046,108.2508,43.8564911010902,0.140742835415385,-0.0203303278575072,0.00293479740373794,0.00107438140326043,0.00193979414352868,0.0214047092607676,0.0386461730833837,-0.144450179630848,0.0208521975209343,0.152083828619726,0.27458714306362
1380095375,NA,NA,0.0725706919582883,0.0264249645927546,438.758476178096,71.3370204917705,629.004099327985,78.5698156141177,250.83325,51.2777479444057,0.114745157402092,-0.0259976780132927,0.00598707376022623,NA,NA,NA,NA,-0.226568847016273,0.0521771366720622,NA,NA
1380098975,NA,NA,0.0919720792092323,0.0359854664199015,470.061702522235,58.3301816515723,668.964014892852,122.910628890275,405.93925,38.8932839821565,0.0934688588380393,-0.0212762985640525,0.00819136487846918,NA,NA,NA,NA,-0.227629809848428,0.0876373690692318,NA,NA
1380102575,0.00887069852334153,0.0126190295380954,0.0790702958664356,0.0332876190974295,460.692464883402,70.8184218972671,673.178314981058,92.5937134965957,499.50675,82.4505079037317,0.0772308245136986,-0.0162380343243407,0.00699883116467009,0.000685091360970115,0.00101832965366706,0.0169231256853109,0.0251547774499503,-0.210253281984068,0.0906222510084518,0.21912398050741,0.325709036622916
1380106175,0.0101261207457383,0.0137366459686368,0.0893676218841186,0.0195865396699114,450.719624009406,66.9272821092955,673.569423434408,88.0439553295268,399.8215,238.637179927325,0.0643748090572551,-0.0128560154564435,0.00391154335713321,0.000651867089497609,0.000906263122005885,0.0135078825459411,0.0187794352637254,-0.199705686816242,0.0607620187836872,0.20983180756198,0.291720248009169
1380109775,0.0101790876710663,0.0133710418680962,0.0541549557171789,0.0247671686600682,424.669470809769,126.279620902833,495.264398905302,126.254938422284,460.6402,257.780988183186,0.0545592409760981,-0.00981556808115696,0.00445577734974168,0.000555363297162538,0.000771847494228422,0.0103709313783195,0.0144135873545638,-0.179906609871224,0.0816686095705348,0.19008569754229,0.26418232909212
1380113375,NA,NA,0.0298939801819726,0,70.9300193171948,NA,667.858016130278,NA,254.4315,103.319636825081,0.0517731799439752,-0.00278606103212294,0,NA,NA,NA,NA,-0.0538128242294136,0,NA,NA
1380116975,NA,NA,NA,0,NA,NA,NA,NA,138.912,32.3702845523483,NA,NA,NA,NA,NA,NA,NA,NA,NA,NA,NA
1380120575,NA,NA,0.0501578139509707,0,485.873751300053,NA,440.350838983927,NA,434.00975,56.8253146896991,0.0797462584632539,0.0139865392596394,0,NA,NA,NA,NA,0.175388031102226,0,NA,NA
1380124175,NA,NA,NA,0,NA,NA,NA,NA,270.6265,57.2672590200253,NA,NA,NA,NA,NA,NA,NA,NA,NA,NA,NA
1380127775,0.0108613441173067,0.0149867434447281,0.112283110576301,0.0467159160602523,510.090235599936,78.0844313851403,791.895232955551,76.1543185248385,106.1635,51.5196288580058,0.140624286675965,0.0304390141063557,0.0101119547807981,0.00152736876883845,0.00216771978449858,-0.0289116453375172,0.0410328840547159,0.216456309403333,0.0719075987499844,-0.205594965286026,0.291790877839376
1380131375,0.00851119607765639,0.0126076611679819,0.211391466719812,0.0826178138694871,548.252956992343,53.9764667858068,824.098936941823,65.7758420966153,5.3985,7.917,0.165446837727761,0.0248225510517955,0.0123954312498714,0.00140815047632917,0.0022012328735926,-0.0234144005754664,0.0366015913274697,0.150033396785985,0.0749209318238394,-0.141522200708328,0.221228715097576
1380134975,0.00866544314706007,0.0120623253779932,0.248195876701525,0.0649433659945285,563.879788113939,28.0920175720974,870.269039116948,68.6883795447188,1.44,0,0.171092137404982,0.00564529967722094,0.00214284986234486,0.00148258918959186,0.00213912245068342,-0.00416271048762908,0.00600607877239008,0.0329956698352438,0.0125245373331952,-0.0243302266881837,0.0351043529146723
1380138575,0.0109465801694136,0.0152529489785492,0.131558015592836,0.053464338596736,509.276635035213,55.8546121009143,783.427094283419,99.3517356434394,1.44,0,0.155185022423688,-0.0159071149812939,0.00548031870714405,0.00169874528905315,0.00243830820198145,0.017605860270347,0.025270718204054,-0.102504189726919,0.0353147399249757,0.113450769896332,0.162842507668424
1380142175,0.0110719527710422,0.0156106315859148,0.135999357320786,0.0768322470319405,475.43134264221,75.6599111717507,721.173404083937,176.348567084428,1.44,0,0.129472233209961,-0.0257127892137272,0.0152586490845924,0.00143351045126205,0.00219287071159281,0.0271462996649893,0.0415262584315787,-0.19859693909836,0.117852675483306,0.209668891869402,0.320734858757221
1380145775,0.0113119237060792,0.0156484702019901,0.0488091535095891,0.0229007330788433,320.075011767468,135.800873426492,567.593940831,204.966059341362,1.44,0,0.105225231989602,-0.0242470012203583,0.00527700526205238,0.00119029979622087,0.00166686680908356,0.0254373010165792,0.0356217760532452,-0.230429534455711,0.0501496187014709,0.241741458161791,0.338528843127332
1380149375,0.0122104800743982,0.0162758551931779,0.0865649576064779,0.0285520522916654,218.301758655748,83.2959573314785,410.341987664042,153.300506280743,1.44,0,0.0914223560027764,-0.0138028759868259,0.00431076658032373,0.00111631085632644,0.00152827402195004,0.0149191868431524,0.0204249609790958,-0.150979219857414,0.0471522149373706,0.163189699931812,0.223413198610584
1380152975,0.0126377403035326,0.0174160637092661,0.0808852569928822,0.0329759705392319,242.956598083478,118.506328065705,518.968769026567,180.257308368386,1.44,0,0.0874754766921472,-0.00394687931062922,0.00148787043856026,0.00110549235736307,0.00157944938247519,0.00505237166799229,0.00721847171343651,-0.0451198376948489,0.0170090006345039,0.0577575779983814,0.082519947148622
1380156575,0.0128967746751661,0.0168148824702516,0.093812027060372,0.048258436215655,414.351622616365,117.000855264597,738.754634299604,224.127693783771,1.44,0,0.0892839232581334,0.00180844656598618,0.000977475004114072,0.00115147464037497,0.00162519300739229,-0.00065697192561121,0.000927251145721015,0.0202550078445555,0.0109479396563706,-0.00735823316938935,0.0103854211585236
1380160175,0.0133975852858047,0.0167253041197665,0.112603187531348,0,425.996957850893,97.1491702847276,803.363371723292,159.021924155337,1.44,0,0.0916072088340643,0.00232328557593091,0,0.0012273153931489,0.00153215842731268,-0.00109597018278201,0.00136818943281122,0.0253613837327941,0,-0.0119637984469893,0.0149353904591672
1380163775,0.0146443593241096,0.0172819625146689,NA,0,404.416889999138,100.28521736406,608.548148673552,151.636012662512,1.44,0,NA,NA,NA,NA,NA,NA,NA,NA,NA,NA,NA
1380167375,0.0140556967086819,0.0179219263219151,NA,0,476.895543523809,126.101514315554,794.53267613102,478.533850143687,1.44,0,NA,NA,NA,NA,NA,NA,NA,NA,NA,NA,NA
1380170975,0.0133911258620064,0.0178109557213359,NA,0,435.81501457922,121.200522958909,574.483433055068,255.709901156104,1.44,0,NA,NA,NA,NA,NA,NA,NA,NA,NA,NA,NA
1380174575,0.0133732419253237,0.018474014501441,NA,0,366.441846712687,95.188606354404,583.579538260521,160.194541640749,9.717,11.5382363470333,NA,NA,NA,NA,NA,NA,NA,NA,NA,NA,NA
1380178175,0.0133534028047039,0.0168043814270566,NA,0,385.193258766924,107.336514933886,616.550652944451,195.066022350842,78.09325,28.2419747229191,NA,NA,NA,NA,NA,NA,NA,NA,NA,NA,NA
1380181775,0.0129520427792041,0.0167549658514095,NA,0,436.110814879819,134.768715374642,707.650088342389,265.962629465935,249.0338,57.0830397990506,NA,NA,NA,NA,NA,NA,NA,NA,NA,NA,NA
1380185375,0.0149309351070651,0.0181161737659357,NA,0,507.898211535194,119.073467162462,608.403397899621,263.599430022706,241.1165,149.811782136787,NA,NA,NA,NA,NA,NA,NA,NA,NA,NA,NA
1380188975,0.0182689000505992,0.0226323204084954,NA,0,544.36766057565,117.011319203797,662.415601489176,188.208444931933,304.81425,208.412499521782,NA,NA,NA,NA,NA,NA,NA,NA,NA,NA,NA
1380192575,0.0211198942086021,0.0288995909774913,NA,0,527.902005196893,112.974183385817,727.191154205485,176.015741859439,582.638,8.50607363397865,NA,NA,NA,NA,NA,NA,NA,NA,NA,NA,NA
1380196175,0.0193918929310799,0.0270759118264157,NA,0,463.490895314531,74.7267425934509,761.043262920493,114.122767159552,598.47225,0.719499999999982,NA,NA,NA,NA,NA,NA,NA,NA,NA,NA,NA
1380199775,0.0192559400002222,0.0256938732705324,NA,0,465.511712586428,106.633167510683,738.707645525662,117.771074607289,577.5276,18.8625239376919,NA,NA,NA,NA,NA,NA,NA,NA,NA,NA,NA
1380203375,0.018029479170319,0.0238211428520125,NA,0,432.653262694007,120.677759259861,573.227850376377,206.009227821124,491.9495,35.1301943300442,NA,NA,NA,NA,NA,NA,NA,NA,NA,NA,NA
1380206975,0.0261792926627827,0.055222123347314,NA,0,346.873782722734,67.8496066465189,684.208330506963,207.700036322937,377.14925,44.9865181165424,NA,NA,NA,NA,NA,NA,NA,NA,NA,NA,NA
1380210575,0.0171769429476382,0.0253318842907791,NA,0,357.525527744237,90.7185344425761,693.467089058585,186.395730190981,237.51775,42.426364259149,NA,NA,NA,NA,NA,NA,NA,NA,NA,NA,NA
1380214175,0.0166847957209343,0.0237863392243358,0.0601635472597059,0,397.25526808605,84.6066949947109,757.07796067351,115.150215942574,79.17275,54.460598934,0.0901910305348083,-9.44118866170648e-05,0,0.00150481892033383,0.00214531444729338,0.00159923080695089,0.00227991083069803,-0.00104679906701618,0,0.0177315947879505,0.0252786869955779
1380217775,0.0177285188978994,0.0257857502914479,0.0957678466139729,0.0490686233671285,462.682823987107,73.3252188076853,754.493083885022,70.0778513668042,2.8795,2.879,0.122800664432565,0.0326096338977562,0.0130301399529287,0.00217707390006733,0.00328382683450179,-0.0304325599976889,0.045903474916449,0.265549327834978,0.106108057420846,-0.247820808937078,0.373804776452628
1380221375,0.0173622291747658,0.0245494543389761,0.217178691081149,0.085023787979862,475.402858332903,43.1102592605245,792.620208646216,73.2106722685958,1.44,0,0.15545913375563,0.0326584693230655,0.0178615865429688,0.00269911710757582,0.00409198783640496,-0.0299593522154897,0.0454197798636686,0.210077520272319,0.114895703529687,-0.192715291097553,0.292165399139976
1380224975,0.015261211980181,0.0258840145489754,0.106596688578235,0.0482948775611336,493.899583240358,96.8109479593107,736.862024817703,187.606451123933,1.44,0,0.178158635682472,0.0226995019268423,0.00615333442612019,0.00271891670525004,0.00466998881197522,-0.0199805852215922,0.0343184876761321,0.127411740889726,0.0345385134015459,-0.112150528909545,0.192628819504978
1380228575,0.0185917013299169,0.0321136134469895,0.274378046747132,0.171317465104595,488.563486146636,76.5265463828628,815.470231595275,73.2160794683815,1.44,0,0.187236829504679,0.00907819382220718,0.00830634206669184,0.00348105121211157,0.00680434668242037,-0.00559714261009561,0.0109406315590904,0.0484850862206054,0.0443627575230024,-0.0298933848906885,0.0584320488016861
1380232175,0.0193329730402454,0.0410953281169878,0.229459485418425,0.162118852925606,490.725441799983,89.1284447768546,743.853707161824,164.80406857802,1.44,0,0.173144815817029,-0.0140920136876506,0.013194626034129,0.00334740405624888,0.00777515183366061,0.0174394177438994,0.0405072463828584,-0.0813885972915431,0.0762057239303803,0.100721570331789,0.233950096580798
1380235775,0.0235477565007403,0.0540297649710992,0.11539608508425,0.0817890547056819,353.042956677352,150.311057995937,615.684654331371,151.137137818161,1.44,0,0.140570816646425,-0.0325739991706036,0.0189527005939542,0.00331012736150023,0.00783539583558129,0.0358841265321038,0.0849412439120429,-0.231726612590835,0.134826709028984,0.255274369091576,0.604259446864378
1380239375,0.0270439229119603,0.0647532067900235,0.0382448933846501,0.0194809598925803,405.385096566809,151.099195064622,637.862308071398,217.076913357661,1.44,0,0.106461743607837,-0.0341090730385879,0.00624146722869291,0.00287914318720324,0.00691384144823578,0.0369882162257912,0.0888217937804599,-0.320388074463933,0.0586263855651659,0.347431997375893,0.834307148938346
1380242975,0.0286487958482799,0.070035461250653,0.0706529434376152,0.030647706528795,425.839308998331,106.198356612495,635.105898159459,163.41505981727,1.44,0,0.0829571382232093,-0.0235046053846281,0.0086835474720086,0.00237662211711426,0.00587591171252033,0.0258812275017424,0.0639882153400747,-0.283334332500541,0.10467510883324,0.311983128348821,0.771340679181872
1380246575,0.0293170248005009,0.0742236717953318,0.083045835628135,0.0287263339119176,430.881298065807,83.8510334822572,727.95868985557,122.522376067478,1.44,0,0.0689472468894184,-0.0140098913337908,0.00583711220797015,0.00202132814698334,0.00518635132586476,0.0160312194807741,0.0411331215732719,-0.203197255377879,0.0846605552986335,0.23251428017838,0.596588311049512
1380250175,0.0312849607960312,0.0752629053563651,0.0699294188752111,0.0517124561031096,505.933875297916,95.3831312406108,811.234254586218,162.048365126489,1.44,0,0.0589160819571183,-0.0100311649323001,0.00880466180018862,0.00184318731428421,0.00472010998625226,0.0118743522465843,0.0304083302793052,-0.170261914897892,0.149444116236328,0.201546875693923,0.516129540002977
1380253775,0.0309949844711019,0.0754977634552993,0.0537539309956174,0.0244137805674359,546.156385307074,108.650544875666,709.258233255036,206.475399403804,1.44,0,0.0497011463070916,-0.00921493565002675,0.00452648346403824,0.00154048625798427,0.00382786466461017,0.010755421908011,0.0267255220624434,-0.185406903758112,0.091074025457485,0.216401888229213,0.537724460062003
1380257375,0.0334714540319638,0.0754982110958227,0.0434247395836418,0.0190882095268312,518.013022150667,115.41959680668,693.868350573568,218.51091396903,1.44,0,0.0407942204932508,-0.0089069258138408,0.00416768022819957,0.00136544187600964,0.00314546223824875,0.0102723676898504,0.0236636544063359,-0.218337933808894,0.102163497127959,0.251809387840857,0.58007369966172
1380260975,0.0349261035975941,0.0758162291097347,0.027983837346063,0.0159721714424209,585.469917208216,154.014145595658,599.193763286514,179.785758664288,2.0158,1.28752794144438,0.0329603663500399,-0.00783385414321092,0.00379618539737901,0.00115117716975615,0.00256043871597579,0.00898503131296706,0.0199844321468336,-0.237674971813578,0.115174247672597,0.272601075411172,0.606317051655265
1380264575,0.0354426678222121,0.0760821763460014,0.0199547027866489,0.00938704403413023,557.71812105709,202.521532200817,572.748288413719,179.703389842617,15.475,12.5700221956845,0.0273746848986854,-0.00558568145135443,0.00191538415651339,0.000970231863601834,0.00210913168966667,0.00655591331495627,0.0142515258939758,-0.204045506716414,0.0699691763979125,0.239488174538626,0.520609678128575
1380268175,NA,NA,0.0292697610147186,0.0178576299661084,510.84448607095,182.965390354163,596.619112961015,207.569960026451,23.0325,17.6693372163946,0.0241582065752473,-0.00321647832343808,0.00237760528767139,NA,NA,NA,NA,-0.133142264241324,0.0984181205780194,NA,NA
1380271775,NA,NA,0.0239169310490995,0.0144214218174567,542.219284173496,230.593116852086,439.178689829809,203.795452203392,82.4115,16.1745438781644,0.0221701572670219,-0.00198804930822543,0.00129320226836953,NA,NA,NA,NA,-0.0896723141961041,0.0583307665703014,NA,NA
1380275375,NA,NA,0.0204867046022877,0.0142650392174944,611.574874368362,288.929402187997,626.466651209001,560.67101601739,82.052,27.6143979112346,0.0209014053235118,-0.0012687519435101,0.000865912887258576,NA,NA,NA,NA,-0.0607017530100186,0.0414284529607451,NA,NA
1380278975,NA,NA,NA,0,NA,NA,NA,NA,80.61225,14.5379733198957,NA,NA,NA,NA,NA,NA,NA,NA,NA,NA,NA
1380282575,NA,NA,NA,0,NA,NA,NA,NA,65.13775,21.2337912829998,NA,NA,NA,NA,NA,NA,NA,NA,NA,NA,NA
1380286175,NA,NA,NA,0,NA,NA,NA,NA,74.85425,28.281976078709,NA,NA,NA,NA,NA,NA,NA,NA,NA,NA,NA
1380289775,NA,NA,NA,0,NA,NA,NA,NA,111.5615,24.1588359336013,NA,NA,NA,NA,NA,NA,NA,NA,NA,NA,NA
1380293375,NA,NA,NA,0,NA,NA,NA,NA,90.329,26.5007547942821,NA,NA,NA,NA,NA,NA,NA,NA,NA,NA,NA
1380296975,NA,NA,NA,0,NA,NA,NA,NA,47.8635,11.4783211751545,NA,NA,NA,NA,NA,NA,NA,NA,NA,NA,NA
1380300575,NA,NA,NA,0,NA,NA,NA,NA,8.637,3.32438284999387,NA,NA,NA,NA,NA,NA,NA,NA,NA,NA,NA
1380304175,NA,NA,NA,0,NA,NA,NA,NA,1.44,0,NA,NA,NA,NA,NA,NA,NA,NA,NA,NA,NA
1380307775,NA,NA,NA,0,NA,NA,NA,NA,1.44,0,NA,NA,NA,NA,NA,NA,NA,NA,NA,NA,NA
1380311375,NA,NA,NA,0,NA,NA,NA,NA,1.44,0,NA,NA,NA,NA,NA,NA,NA,NA,NA,NA,NA
1380314975,NA,NA,NA,0,NA,NA,NA,NA,1.44,0,NA,NA,NA,NA,NA,NA,NA,NA,NA,NA,NA
1380318575,NA,NA,NA,0,NA,NA,NA,NA,1.44,0,NA,NA,NA,NA,NA,NA,NA,NA,NA,NA,NA
1380322175,NA,NA,NA,0,NA,NA,NA,NA,1.44,0,NA,NA,NA,NA,NA,NA,NA,NA,NA,NA,NA
1380325775,NA,NA,NA,0,NA,NA,NA,NA,1.44,0,NA,NA,NA,NA,NA,NA,NA,NA,NA,NA,NA
1380329375,NA,NA,NA,0,NA,NA,NA,NA,1.44,0,NA,NA,NA,NA,NA,NA,NA,NA,NA,NA,NA
1380332975,NA,NA,NA,0,NA,NA,NA,NA,1.44,0,NA,NA,NA,NA,NA,NA,NA,NA,NA,NA,NA
1380336575,NA,NA,NA,0,NA,NA,NA,NA,1.44,0,NA,NA,NA,NA,NA,NA,NA,NA,NA,NA,NA
1380340175,NA,NA,NA,0,NA,NA,NA,NA,1.44,0,NA,NA,NA,NA,NA,NA,NA,NA,NA,NA,NA
1380343775,NA,NA,NA,0,NA,NA,NA,NA,1.44,0,NA,NA,NA,NA,NA,NA,NA,NA,NA,NA,NA
1380347375,NA,NA,NA,0,NA,NA,NA,NA,1.44,0,NA,NA,NA,NA,NA,NA,NA,NA,NA,NA,NA
1380350975,NA,NA,NA,0,NA,NA,NA,NA,2.5914,1.87664828883837,NA,NA,NA,NA,NA,NA,NA,NA,NA,NA,NA
1380354575,NA,NA,NA,0,NA,NA,NA,NA,29.51,15.3472768702898,NA,NA,NA,NA,NA,NA,NA,NA,NA,NA,NA
1380358175,NA,NA,NA,0,NA,NA,NA,NA,43.54525,14.9307129183439,NA,NA,NA,NA,NA,NA,NA,NA,NA,NA,NA
1380361775,NA,NA,NA,0,NA,NA,NA,NA,54.34125,14.9767910309029,NA,NA,NA,NA,NA,NA,NA,NA,NA,NA,NA
1380365375,NA,NA,NA,0,NA,NA,NA,NA,91.7685,18.4861169620159,NA,NA,NA,NA,NA,NA,NA,NA,NA,NA,NA
1380368975,NA,NA,NA,0,NA,NA,NA,NA,67.657,4.07152084607214,NA,NA,NA,NA,NA,NA,NA,NA,NA,NA,NA
1380455375,NA,NA,NA,0,NA,NA,NA,NA,66.2175,2.03576042303606,NA,NA,NA,NA,NA,NA,NA,NA,NA,NA,NA
1380458975,NA,NA,NA,0,NA,NA,NA,NA,89.24925,21.6405410033268,NA,NA,NA,NA,NA,NA,NA,NA,NA,NA,NA
1380462575,NA,NA,NA,0,NA,NA,NA,NA,76.2935,12.9821300383771,NA,NA,NA,NA,NA,NA,NA,NA,NA,NA,NA
1380466175,NA,NA,NA,0,NA,NA,NA,NA,57.58025,27.8879260418674,NA,NA,NA,NA,NA,NA,NA,NA,NA,NA,NA
1380469775,NA,NA,NA,0,NA,NA,NA,NA,30.22975,18.4722591539313,NA,NA,NA,NA,NA,NA,NA,NA,NA,NA,NA
1380473375,NA,NA,NA,0,NA,NA,NA,NA,2.5195,2.159,NA,NA,NA,NA,NA,NA,NA,NA,NA,NA,NA
1380476975,NA,NA,NA,0,NA,NA,NA,NA,1.44,0,NA,NA,NA,NA,NA,NA,NA,NA,NA,NA,NA
1380480575,NA,NA,NA,0,NA,NA,NA,NA,1.44,0,NA,NA,NA,NA,NA,NA,NA,NA,NA,NA,NA
1380484175,NA,NA,NA,0,NA,NA,NA,NA,1.44,0,NA,NA,NA,NA,NA,NA,NA,NA,NA,NA,NA
1380487775,NA,NA,NA,0,NA,NA,NA,NA,1.44,0,NA,NA,NA,NA,NA,NA,NA,NA,NA,NA,NA
1380491375,NA,NA,NA,0,NA,NA,NA,NA,1.44,0,NA,NA,NA,NA,NA,NA,NA,NA,NA,NA,NA
1380494975,NA,NA,NA,0,NA,NA,NA,NA,1.44,0,NA,NA,NA,NA,NA,NA,NA,NA,NA,NA,NA
1380498575,NA,NA,NA,0,NA,NA,NA,NA,1.44,0,NA,NA,NA,NA,NA,NA,NA,NA,NA,NA,NA
1380502175,NA,NA,NA,0,NA,NA,NA,NA,1.44,0,NA,NA,NA,NA,NA,NA,NA,NA,NA,NA,NA
1380505775,NA,NA,NA,0,NA,NA,NA,NA,1.44,0,NA,NA,NA,NA,NA,NA,NA,NA,NA,NA,NA
1380509375,NA,NA,NA,0,NA,NA,NA,NA,1.44,0,NA,NA,NA,NA,NA,NA,NA,NA,NA,NA,NA
1380512975,NA,NA,NA,0,NA,NA,NA,NA,1.44,0,NA,NA,NA,NA,NA,NA,NA,NA,NA,NA,NA
1380516575,NA,NA,NA,0,NA,NA,NA,NA,1.44,0,NA,NA,NA,NA,NA,NA,NA,NA,NA,NA,NA
1380520175,NA,NA,NA,0,NA,NA,NA,NA,3.59925,4.3185,NA,NA,NA,NA,NA,NA,NA,NA,NA,NA,NA
1380523775,NA,NA,NA,0,NA,NA,NA,NA,67.297,71.2649454687693,NA,NA,NA,NA,NA,NA,NA,NA,NA,NA,NA
1380527375,NA,NA,NA,0,NA,NA,NA,NA,96.08675,66.7921574506818,NA,NA,NA,NA,NA,NA,NA,NA,NA,NA,NA
1380530975,NA,NA,NA,0,NA,NA,NA,NA,130.99475,122.071959961806,NA,NA,NA,NA,NA,NA,NA,NA,NA,NA,NA
1380534575,NA,NA,NA,0,NA,NA,NA,NA,228.161,245.696821104113,NA,NA,NA,NA,NA,NA,NA,NA,NA,NA,NA
1380538175,NA,NA,NA,0,NA,NA,NA,NA,282.1425,172.107059860038,NA,NA,NA,NA,NA,NA,NA,NA,NA,NA,NA
1380541775,NA,NA,NA,0,NA,NA,NA,NA,282.14225,131.948259565066,NA,NA,NA,NA,NA,NA,NA,NA,NA,NA,NA
1380545375,NA,NA,NA,0,NA,NA,NA,NA,160.8645,162.373731394582,NA,NA,NA,NA,NA,NA,NA,NA,NA,NA,NA
1380548975,NA,NA,NA,0,NA,NA,NA,NA,346.56,93.2187626071061,NA,NA,NA,NA,NA,NA,NA,NA,NA,NA,NA
1380552575,NA,NA,NA,0,NA,NA,NA,NA,255.51125,60.5902404923158,NA,NA,NA,NA,NA,NA,NA,NA,NA,NA,NA
1380556175,NA,NA,NA,0,NA,NA,NA,NA,126.67625,62.0264162776635,NA,NA,NA,NA,NA,NA,NA,NA,NA,NA,NA
1380559775,NA,NA,NA,0,NA,NA,NA,NA,19.2898,16.5886371109865,NA,NA,NA,NA,NA,NA,NA,NA,NA,NA,NA
1380563375,NA,NA,NA,0,NA,NA,NA,NA,1.44,0,NA,NA,NA,NA,NA,NA,NA,NA,NA,NA,NA
1380566975,NA,NA,0.136653336267641,0.0694700168855268,315.889648803011,80.6653250673025,734.08315463601,96.7164908925505,1.44,0,0.130864575153432,0.00135756999790025,0.000720671813337114,NA,NA,NA,NA,0.0103738540113592,0.00550700456935853,NA,NA
1380570575,0.0369545920624768,0.0709869744688537,0.128551095006416,0.034157856738746,462.238856783392,83.9799420646551,792.07298893784,126.933653141002,1.44,0,0.106798502568738,-0.0240660725846938,0.00769716278637094,0.00394669509531111,0.00768567003752192,0.0280127676800049,0.0545511837187678,-0.225340917764313,0.072071823117715,0.262295509826789,0.510786035447054
1380574175,0.0375754499384498,0.0622294360495007,0.0474542550913062,0.0226613567536293,430.798134469263,101.142485228925,759.583562547248,195.119232825665,1.44,0,0.0838278000057842,-0.0229707025629541,0.00620972142445218,0.00314986730256773,0.00528559688595897,0.0261205698655219,0.043831307632588,-0.274022490884517,0.0740771131298174,0.311597940822967,0.522873171305505
1380577775,0.0319203977765888,0.0509420517125302,0.0765240707560104,0.0307240503400506,486.795975751575,89.711135834381,714.685558796879,123.306046291979,1.44,0,0.066502901307976,-0.0173248986978083,0.0080040276327598,0.00212279906304782,0.00352689228350355,0.0194476977608561,0.0323110822680476,-0.260513426588359,0.120356066808169,0.292433824364948,0.485859738937021
1380581375,0.0273378143073798,0.0364973582324076,0.0595490818488881,0.0239339621247427,470.938738712236,90.1126503877552,706.822627034627,185.229289085598,1.44,0,0.0545134528001085,-0.0119894485078675,0.00526393012631338,0.00149027864990348,0.00209442299173586,0.013479727157771,0.018944276282419,-0.219935591895651,0.0965620384681065,0.247273406203031,0.347515618793849
1380584975,0.0285704747121398,0.0400370387889322,0.0594500343348635,0.0228287836708003,484.276929112156,80.8485956216177,690.958514149806,120.963222694387,1.44,0,0.0479266761165875,-0.00658677668352098,0.00313746147615543,0.00136928788802588,0.00202666185256649,0.00795606457154685,0.0117756482801848,-0.137434456491367,0.065463781976517,0.166004931203507,0.245701334503963
1380588575,0.0314196690876419,0.0622136914516939,0.0442275997392511,0.0164176997389354,483.871951459656,103.6265316302,629.367762056182,203.85659286276,1.44,0,0.0485873846595496,0.00066070854296213,0.000223253722119611,0.00152659954783702,0.00306649845402311,0.000865891004874888,0.00173932543839901,0.0135983557788034,0.00459489070432466,0.0178213133088385,0.0357978814992084
1380592175,NA,NA,0.0386808774853753,0.0161509441504676,492.58276332243,158.953470207091,698.352324244662,263.698299939347,1.44,0,0.0603376510445059,0.0117502663849563,0.0031452649026155,NA,NA,NA,NA,0.194741859876002,0.0521277319910168,NA,NA
1380595775,NA,NA,NA,0,NA,NA,NA,NA,1.44,0,NA,NA,NA,NA,NA,NA,NA,NA,NA,NA,NA
1380599375,NA,NA,NA,0,NA,NA,NA,NA,1.44,0,NA,NA,NA,NA,NA,NA,NA,NA,NA,NA,NA
1380602975,NA,NA,NA,0,NA,NA,NA,NA,1.44,0,NA,NA,NA,NA,NA,NA,NA,NA,NA,NA,NA
1380606575,NA,NA,NA,0,NA,NA,NA,NA,2.15975,1.4395,NA,NA,NA,NA,NA,NA,NA,NA,NA,NA,NA
1380610175,NA,NA,NA,0,NA,NA,NA,NA,14.03525,8.9800985285983,NA,NA,NA,NA,NA,NA,NA,NA,NA,NA,NA
1380613775,NA,NA,NA,0,NA,NA,NA,NA,107.243,140.405844296691,NA,NA,NA,NA,NA,NA,NA,NA,NA,NA,NA
1380617375,NA,NA,NA,0,NA,NA,NA,NA,186.4155,88.9274759546602,NA,NA,NA,NA,NA,NA,NA,NA,NA,NA,NA
1380620975,NA,NA,NA,0,NA,NA,NA,NA,345.1924,224.070952057155,NA,NA,NA,NA,NA,NA,NA,NA,NA,NA,NA
1380624575,NA,NA,NA,0,NA,NA,NA,NA,525.41775,77.0993587927293,NA,NA,NA,NA,NA,NA,NA,NA,NA,NA,NA
1380628175,NA,NA,NA,0,NA,NA,NA,NA,577.2395,20.6941163538496,NA,NA,NA,NA,NA,NA,NA,NA,NA,NA,NA
1380631775,NA,NA,NA,0,NA,NA,NA,NA,525.77775,48.2662867667485,NA,NA,NA,NA,NA,NA,NA,NA,NA,NA,NA
1380635375,NA,NA,NA,0,NA,NA,NA,NA,356.63625,190.907373177631,NA,NA,NA,NA,NA,NA,NA,NA,NA,NA,NA
1380638975,NA,NA,NA,0,NA,NA,NA,NA,163.74325,90.7563063313876,NA,NA,NA,NA,NA,NA,NA,NA,NA,NA,NA
1380642575,NA,NA,NA,0,NA,NA,NA,NA,163.02375,105.979136117681,NA,NA,NA,NA,NA,NA,NA,NA,NA,NA,NA
1380646175,NA,NA,NA,0,NA,NA,NA,NA,74.85425,63.6101086745128,NA,NA,NA,NA,NA,NA,NA,NA,NA,NA,NA
1380649775,NA,NA,NA,0,NA,NA,NA,NA,1.79975,0.7195,NA,NA,NA,NA,NA,NA,NA,NA,NA,NA,NA
1380653375,NA,NA,0.517738548040339,0.322495482610167,455.573585471045,54.381168177338,839.182010021192,73.1046813217021,1.44,0,0.746106131560082,0.0403393223832692,0.0174361913002345,NA,NA,NA,NA,0.0540664667892771,0.0233695858574115,NA,NA
1380656975,0.0369595438125524,0.0765036701052198,1.12565212575796,0.597248589769654,545.513663736463,15.0483609376561,883.294744137365,39.0721984565806,1.44,0,0.683753184445076,-0.0623529471150067,0.0544644040855812,0.02527120577747,0.0567764055495302,0.0876241528924767,0.196863754122593,-0.0911921853287038,0.0796550646119239,0.128151729141256,0.287916398199102
1380660575,0.0219727567016738,0.0359914499440216,0.537125081064997,0.692932603992747,452.863683641983,71.6029061744133,794.413737821263,75.023600650316,1.44,0,0.557886650391121,-0.125866534053955,0.156334669661666,0.0122583076361558,0.0251990543761708,0.138124841690111,0.283939308733208,-0.225613095358552,0.280226582858836,0.247585852060226,0.508955194633435
1380664175,0.0247930083897632,0.0429210678497645,0.290776405163486,0.0868664276411583,512.940053025838,65.2894304504153,807.949865296137,108.018387533812,1.44,0,0.401326765210845,-0.156559885180276,0.033887094299269,0.00995009785690899,0.01735948800623,0.166509983037185,0.290502474952494,-0.390105766053315,0.0844376633625861,0.414898774443079,0.723855222563771
1380667775,0.0271953805493032,0.0475931186040343,0.223012093155931,0.0657287150066563,521.253290661278,46.8599946143539,832.78463716643,69.2482315946839,1.44,0,0.257455651242855,-0.14387111396799,0.0367304559136361,0.00700160441011814,0.0123828148328927,0.150872718378108,0.26682869033724,-0.558819017075207,0.142667118536033,0.58601439762451,1.03640642203477
1380671375,0.0278278106126537,0.050391427873353,0.0826085472248278,0.0336036866963727,518.533706106055,80.9377497036482,735.63045952791,175.899787989563,1.44,0,0.148419564736473,-0.109036086506382,0.024686869928939,0.00413019153869908,0.00753730645760341,0.113166278045081,0.206520426546804,-0.734647663870875,0.16633164214416,0.762475474483529,1.3914636315872
1380674975,0.0281812090049275,0.0537703471330482,0.0547309041850591,0.0275576165385118,552.475362929143,142.902320311896,734.704837618962,288.961851741809,1.44,0,0.082971447948887,-0.0654481167875862,0.0217375271877997,0.00233823571608904,0.00452849203016661,0.0677863525036752,0.13128272524226,-0.788802876236465,0.261988041973073,0.816984085241392,1.5822638809815
1380678575,0.0285034050079623,0.0559795599265967,0.0444657024139237,0.0236929965867551,443.875164035511,144.74319462361,513.937856309924,242.109112742842,1.44,0,0.0559527053011464,-0.0270187426477407,0.011441001357949,0.00159484262048973,0.00320418443423836,0.0286135852682304,0.0574873052339563,-0.48288536724581,0.204476285755473,0.511388772253772,1.02742673342693
1380682175,0.0301616703066477,0.0578141337369848,0.0790056244308538,0.0430191799098538,460.389473777239,107.187368372069,682.140516427767,198.015324096348,1.44,0,0.0540891322183239,-0.00186357308282245,0.00148217178640446,0.00163141857314176,0.00338562275470861,0.00349499165596421,0.00725302719532111,-0.0344537434118997,0.0274023953725465,0.0646154137185475,0.13409398335409
1380685775,0.0350151917001212,0.0618776907352401,0.087266940399658,0.0342734995104536,434.56552212444,94.3735256281036,704.595748867913,142.791682901981,1.44,0,0.0620026593144288,0.00791352709610484,0.00437439732510301,0.00217103500181203,0.00401989803984385,-0.00574249209429282,0.0106328238348988,0.127632059392383,0.0705517694478153,-0.0926168676922616,0.171489803057922
1380689375,0.0424440500094949,0.0619192514704888,0.0958646486442795,0.0369025552326152,386.041150663533,97.0426612410982,673.113093661675,133.739716472925,1.44,0,0.069158325764331,0.00715566644990227,0.00381822974277209,0.0029353594373142,0.00455969137809412,-0.00422030701258806,0.00655568693005282,0.103467895886989,0.0552099794287005,-0.061023845877494,0.0947924470061993
1380692975,0.0439419598684357,0.0648502868702071,0.0861498116840617,0.0308591263150072,418.869919753714,71.8378045665061,676.321331098161,81.9015749781111,1.44,0,0.0715351202117053,0.00237679444737425,0.0010253117609821,0.00314339338152647,0.00483319390987695,0.000766598934152223,0.00117870112014534,0.033225560261033,0.0143329843851207,0.0107163996074027,0.0164772368685062
1380696575,0.0433623779255019,0.0681101560380615,0.0600245300175345,0.0147236828967305,295.826415386207,142.24893123928,374.340826011938,181.463034002485,11.87625,9.35691025837767,0.0713722837827256,-0.000162836428979643,3.35921987816862e-05,0.00309487194279272,0.00490292453092815,0.00325770837177236,0.00516089149593692,-0.00228150789563293,0.000470661677072698,0.0456438858211349,0.0723094627551489
1380700175,NA,NA,0.0681450317450429,0.0218700763082908,163.679766448332,14.5549400848257,129.371147960021,60.0377956235528,63.33825,32.7203442461007,0.0740596398945439,0.00268735611181832,0.00079358586291679,NA,NA,NA,NA,0.0362863783248871,0.0107154971864136,NA,NA
1380703775,NA,NA,0.060655396424445,0.0338467497253932,324.42914443915,190.687843980749,267.039177157315,193.127517174534,73.77475,34.3551204371343,0.0834189208337016,0.00935928093915761,0.00379747467830259,NA,NA,NA,NA,0.112196140223579,0.0455229418020522,NA,NA
1380707375,NA,NA,0.0870621901882358,0.0222319450383129,375.211503351244,243.101716530638,221.810849900422,84.2675192850535,112.281,24.1157623972372,0.100809027081547,0.0173901062478459,0.00383513160978914,NA,NA,NA,NA,0.172505446697531,0.0380435336082232,NA,NA
1380710975,NA,NA,NA,0,NA,NA,NA,NA,124.517,91.363632483974,NA,NA,NA,NA,NA,NA,NA,NA,NA,NA,NA
1380714575,NA,NA,0.216473972074612,0.0796326266376865,160.068092427996,126.650621156376,194.216157095731,126.952065654454,47.144,13.8260631417624,0.142910910615195,0.0210509417668239,0.0117299776404261,NA,NA,NA,NA,0.147301151998857,0.0820789510747045,NA,NA
1380718175,NA,NA,0.159596952389062,0.0877294183829124,383.54398841846,231.463229121661,185.082553540114,91.2472294142903,58.65975,57.6682610013226,0.156785887072992,0.0138749764577966,0.00776373203892009,NA,NA,NA,NA,0.0884963354599451,0.0495180541046126,NA,NA
1380721775,0.0401276334656683,0.0642952220472407,0.080663306677065,0.0490653791323303,481.23618741514,248.160398119491,193.829624916445,30.8259222088255,460.64,174.375684969264,0.173051348558374,0.0162654614853823,0.00461175853982664,0.00694414108569005,0.0112992343457941,-0.00932132039969228,0.0151672874022386,0.0939921105549525,0.0266496538642748,-0.0538644770892842,0.0876461670399658
1380725375,0.0303311499215405,0.0432968292410529,0.242327227769469,0.185968715074768,308.959095231334,170.0617939307,309.19338843834,150.409133912356,211.9665,168.625894315395,0.199934766293206,0.0268834177348318,0.0250055292816514,0.00606425137096738,0.0103321142748817,-0.0208191663638644,0.0354711559301518,0.134460945603663,0.125068439797912,-0.104129795682122,0.177413646399712
1380728975,0.029815048259057,0.0311822490219821,0.263385301582476,0.136923604125462,247.682792305119,94.2571470878612,259.928932162141,80.9702834366656,127.75575,45.9943998937189,0.231805711527245,0.0318709452340392,0.0188256133102957,0.00691129847590986,0.00830138975422852,-0.0249596467581294,0.0299798592969639,0.137489904903803,0.0812128967240007,-0.107674856644746,0.129331840442767
1380732575,0.0246978471265003,0.0261542972328505,0.295412591476121,0.16627089081105,243.275568750992,96.030044550484,247.95924768932,78.4083386858824,38.147,35.1920284060657,0.267686488762438,0.0358807772351923,0.0222870000703801,0.00661127997728432,0.00811663371425382,-0.029269497257908,0.0359340080981386,0.134040299908582,0.0832578445532194,-0.109342452782082,0.134239155155973
1380736175,0.0390077712902256,0.0490142876744911,0.250084623941206,0.0968201910193684,155.181280474513,63.8785740702841,179.630155421668,64.6196785464894,1.44,0,0.314979716293946,0.0472932275315088,0.0145372514058968,0.0122866567342544,0.0158937486042388,-0.0350065707972544,0.0452837291528525,0.150146898625604,0.0461529763787401,-0.111139127335379,0.143767127882586
1380739775,0.0698760453562609,0.0696221502567202,0.18342962492674,0.0634458766804868,280.016497602598,122.399168827735,542.579249826043,245.419451306128,1.44,0,0.384405894862841,0.0694261785688942,0.0114587336530081,0.0268607637446499,0.0271278743092872,-0.0425654148242443,0.0429886966078826,0.180606435792734,0.0298089436352079,-0.110730390436473,0.111831522831411
1380743375,0.0994102212479808,0.0730207814821693,0.675484780670117,0.333588325564059,416.175453613789,89.7224265635043,842.981702798766,97.8195426339014,1.44,0,0.46822268731182,0.083816792448979,0.0597158236986168,0.0465461209389921,0.0476306554931368,-0.0372706715099869,0.0381390861123925,0.179010532211055,0.127537228154107,-0.0796003109630739,0.0814550152009043
1380746975,0.0991175579455591,0.0659433106643158,0.652007294968205,0.252297314587438,502.263251011062,25.3494507748174,910.877213271756,57.0286750624276,1.44,0,0.530416873416571,0.0621941861047511,0.029583195640265,0.0525736251861692,0.0429973995788283,-0.00962056091858193,0.00786818676710827,0.117255293377339,0.0557734814311447,-0.0181377354317804,0.0148339676987027
1380750575,0.161696156379075,0.0974597115480462,0.446735551775627,0.230647456540999,502.358054180706,55.1526186195507,856.049278547324,78.2270490591589,1.44,0,0.567001588589928,0.0365847151733575,0.0148820949937665,0.0916819775358208,0.0666674537230606,0.0550972623624633,0.0400645174498086,0.0645231264066468,0.0262470075803079,0.0971730299724278,0.0706603266305562
1380754175,0.242388323190939,NA,NA,0,NA,NA,NA,NA,NA,NA,NA,NA,NA,NA,NA,NA,NA,NA,NA,NA,NA
