time[YYYY-MM-DD hh:mm:ss PST], airtemp, par, atmpres, humidity, winddir, windspeed, windgust
"2013/09/19 14:20:31", 18.800, 515.341, 101050.000, 53.000, 237.567, 5.860, 6.330
"2013/09/19 14:35:29", 18.300, 505.265, 101050.000, 59.000, 245.567, 5.400, 6.070
"2013/09/19 14:50:27", 18.200, 479.354, 101030.000, 64.000, 245.567, 5.040, 5.500
"2013/09/19 15:05:25", 18.200, 450.564, 101020.000, 69.000, 244.567, 4.370, 5.250
"2013/09/19 15:20:23", 18.300, 420.334, 101010.000, 64.000, 245.567, 4.840, 5.140
"2013/09/19 15:35:21", 18.500, 388.665, 100990.000, 62.000, 239.567, 4.940, 5.500
"2013/09/19 15:50:20", 18.400, 352.678, 101000.000, 67.000, 232.567, 2.980, 3.600
"2013/09/19 16:05:18", 18.300, 316.690, 101000.000, 70.000, 220.567, 4.060, 4.680
"2013/09/19 16:20:16", 18.200, 279.263, 100980.000, 73.000, 230.567, 3.910, 4.320
"2013/09/19 16:35:14", 18.200, 240.397, 100970.000, 71.000, 231.567, 3.650, 4.120
"2013/09/19 16:50:12", 18.200, 200.091, 100960.000, 73.000, 231.567, 2.730, 3.600
"2013/09/19 17:05:10", 18.100, 161.224, 100950.000, 74.000, 230.567, 3.190, 3.650
"2013/09/19 17:20:08", 17.800, 119.479, 100930.000, 76.000, 223.567, 4.060, 4.730
"2013/09/19 17:35:06", 17.700, 82.052, 100930.000, 77.000, 200.567, 2.260, 2.520
"2013/09/19 17:50:04", 17.800, 46.064, 100930.000, 76.000, 216.567, 1.700, 2.210
"2013/09/19 18:05:02", 17.400, 11.516, 100920.000, 78.000, 235.567, 1.390, 2.010
"2013/09/19 18:20:00", 17.100, 1.440, 100910.000, 79.000, 187.567, 1.340, 1.850
"2013/09/19 18:34:58", 16.900, 1.440, 100910.000, 80.000, 204.567, 1.650, 1.900
"2013/09/19 18:49:56", 17.000, 1.440, 100900.000, 77.000, 193.567, 2.060, 2.730
"2013/09/19 19:04:54", 16.900, 1.440, 100900.000, 76.000, 203.567, 2.320, 3.810
"2013/09/19 19:19:52", 17.100, 1.440, 100900.000, 74.000, 210.567, 2.680, 3.760
"2013/09/19 19:34:50", 16.900, 1.440, 100910.000, 76.000, 207.567, 3.910, 4.420
"2013/09/19 19:49:48", 16.800, 1.440, 100900.000, 75.000, 187.567, 3.090, 3.600
"2013/09/19 20:04:46", 16.800, 1.440, 100910.000, 74.000, 190.567, 2.830, 3.550
"2013/09/19 20:19:44", 16.700, 1.440, 100900.000, 74.000, 202.567, 2.830, 3.240
"2013/09/19 20:34:42", 16.700, 1.440, 100900.000, 74.000, 186.567, 3.190, 3.550
"2013/09/19 20:49:40", 16.700, 1.440, 100900.000, 76.000, 170.567, 2.060, 2.320
"2013/09/19 21:04:38", 16.700, 1.440, 100900.000, 76.000, 179.567, 2.060, 2.520
"2013/09/19 21:13:08", 16.600, 1.440, 100900.000, 77.000, 155.567, 2.520, 2.980
"2013/09/19 21:28:06", 16.600, 1.440, 100900.000, 75.000, 158.567, 2.780, 3.240
"2013/09/19 21:43:04", 16.700, 1.440, 100880.000, 72.000, 160.567, 3.040, 3.760
"2013/09/19 21:58:02", 16.500, 1.440, 100870.000, 79.000, 144.567, 3.600, 3.760
"2013/09/19 22:13:00", 16.000, 1.440, 100870.000, 83.000, 161.567, 3.290, 3.600
"2013/09/19 22:21:30", 16.000, 1.440, 100860.000, 86.000, 163.567, 3.240, 3.500
"2013/09/19 22:36:28", 15.500, 1.440, 100850.000, 87.000, 171.567, 2.570, 2.880
"2013/09/19 22:44:58", 15.300, 1.440, 100850.000, 86.000, 172.567, 2.110, 2.420
"2013/09/19 22:59:56", 15.100, 1.440, 100830.000, 87.000, 157.567, 2.730, 3.190
"2013/09/19 23:14:54", 15.200, 1.440, 100810.000, 88.000, 158.567, 2.730, 3.190
"2013/09/19 23:23:24", 15.300, 1.440, 100780.000, 89.000, 158.567, 2.520, 2.980
"2013/09/19 23:38:22", 15.700, 1.440, 100780.000, 88.000, 154.567, 3.340, 3.810
"2013/09/19 23:53:20", 15.900, 1.440, 100770.000, 88.000, 140.567, 3.960, 4.420
"2013/09/20 00:08:18", 16.000, 1.440, 100770.000, 81.000, 113.567, 4.580, 5.300
"2013/09/20 00:23:16", 15.800, 1.440, 100760.000, 84.000, 109.567, 4.730, 5.450
"2013/09/20 00:38:14", 15.500, 1.440, 100750.000, 86.000, 112.567, 5.140, 5.450
"2013/09/20 00:53:12", 15.600, 1.440, 100750.000, 87.000, 119.567, 4.270, 4.990
"2013/09/20 01:08:10", 15.300, 1.440, 100750.000, 88.000, 123.567, 4.480, 4.840
"2013/09/20 01:23:08", 13.900, 1.440, 100730.000, 90.000, 172.567, 3.090, 3.650
"2013/09/20 01:38:06", 14.100, 1.440, 100720.000, 91.000, 154.567, 3.700, 4.170
"2013/09/20 01:53:04", 14.200, 1.440, 100720.000, 91.000, 146.567, 3.650, 4.220
"2013/09/20 02:08:02", 14.200, 1.440, 100720.000, 91.000, 147.567, 4.010, 4.420
"2013/09/20 02:23:00", 15.000, 1.440, 100700.000, 91.000, 129.567, 4.580, 5.090
"2013/09/20 02:37:58", 15.700, 1.440, 100670.000, 87.000, 119.567, 5.860, 6.430
"2013/09/20 02:52:56", 15.800, 1.440, 100660.000, 85.000, 112.567, 6.120, 6.890
"2013/09/20 03:07:54", 16.000, 1.440, 100630.000, 82.000, 123.567, 5.560, 7.200
"2013/09/20 03:16:24", 15.900, 1.440, 100620.000, 83.000, 121.567, 5.810, 6.430
"2013/09/20 03:31:23", 15.700, 1.440, 100600.000, 84.000, 129.567, 6.330, 6.740
"2013/09/20 03:46:20", 15.700, 1.440, 100570.000, 82.000, 119.567, 7.510, 8.390
"2013/09/20 04:01:18", 15.200, 1.440, 100530.000, 89.000, 109.567, 8.280, 8.690
"2013/09/20 04:16:17", 15.200, 1.440, 100520.000, 86.000, 107.567, 8.850, 9.470
"2013/09/20 04:31:15", 15.200, 1.440, 100480.000, 87.000, 100.567, 9.160, 9.980
"2013/09/20 04:46:13", 15.000, 1.440, 100470.000, 88.000, 100.567, 9.210, 9.980
"2013/09/20 05:01:11", 14.700, 1.440, 100450.000, 89.000, 102.567, 9.620, 10.390
"2013/09/20 05:09:41", 14.700, 1.440, 100430.000, 90.000, 98.567, 9.410, 9.930
"2013/09/20 05:24:39", 14.500, 1.440, 100450.000, 90.000, 105.567, 9.260, 10.440
"2013/09/20 05:39:37", 14.600, 1.440, 100460.000, 92.000, 95.567, 8.690, 9.770
"2013/09/20 05:54:35", 14.700, 1.440, 100460.000, 91.000, 101.567, 7.970, 8.950
"2013/09/20 06:09:33", 14.700, 4.319, 100470.000, 90.000, 99.567, 7.770, 8.540
"2013/09/20 06:24:31", 14.700, 17.274, 100480.000, 90.000, 101.567, 7.770, 8.230
"2013/09/20 06:39:29", 14.800, 25.911, 100450.000, 90.000, 97.567, 7.820, 8.490
"2013/09/20 06:54:27", 15.000, 48.943, 100460.000, 89.000, 103.567, 7.720, 8.280
"2013/09/20 07:09:25", 15.100, 59.020, 100450.000, 88.000, 100.567, 7.610, 8.390
"2013/09/20 07:24:23", 15.200, 79.173, 100440.000, 85.000, 106.567, 6.740, 7.460
"2013/09/20 07:39:21", 15.400, 90.689, 100430.000, 85.000, 105.567, 7.200, 8.080
"2013/09/20 07:54:19", 15.500, 115.160, 100430.000, 81.000, 120.567, 6.380, 7.150
"2013/09/20 08:09:17", 15.400, 119.479, 100420.000, 79.000, 102.567, 7.870, 8.590
"2013/09/20 08:24:15", 15.400, 149.708, 100430.000, 82.000, 108.567, 7.000, 7.510
"2013/09/20 08:39:13", 15.500, 149.708, 100430.000, 83.000, 107.567, 6.480, 7.720
"2013/09/20 08:54:11", 15.700, 95.007, 100430.000, 82.000, 115.567, 5.710, 6.530
"2013/09/20 09:09:09", 15.900, 56.141, 100420.000, 82.000, 105.567, 4.890, 5.500
"2013/09/20 09:24:07", 16.100, 77.733, 100400.000, 83.000, 100.567, 5.350, 6.120
"2013/09/20 09:39:05", 16.400, 60.459, 100400.000, 81.000, 116.567, 4.370, 4.940
"2013/09/20 09:54:03", 16.500, 53.262, 100400.000, 81.000, 148.567, 4.840, 6.020
"2013/09/20 10:09:01", 16.600, 51.822, 100400.000, 82.000, 121.567, 3.190, 4.060
"2013/09/20 10:23:59", 16.600, 113.721, 100380.000, 82.000, 191.567, 2.830, 3.810
"2013/09/20 10:38:57", 15.800, 74.854, 100380.000, 89.000, 183.567, 2.730, 3.600
"2013/09/20 10:53:55", 15.400, 69.096, 100380.000, 92.000, 160.567, 1.130, 1.650
"2013/09/20 11:08:53", 15.700, 27.351, 100380.000, 93.000, 185.567, 3.090, 3.960
"2013/09/20 11:23:51", 15.600, 51.822, 100370.000, 94.000, 211.567, 6.530, 8.080
"2013/09/20 11:38:49", 15.400, 99.326, 100400.000, 95.000, 225.567, 9.260, 10.440
"2013/09/20 11:53:47", 15.100, 119.479, 100400.000, 96.000, 232.567, 6.170, 7.250
"2013/09/20 12:08:45", 15.000, 142.511, 100430.000, 96.000, 215.567, 5.450, 6.530
"2013/09/20 12:23:43", 15.000, 174.180, 100420.000, 95.000, 220.567, 5.090, 5.810
"2013/09/20 12:38:41", 15.200, 204.409, 100430.000, 94.000, 221.567, 6.170, 7.410
"2013/09/20 12:53:39", 15.300, 70.536, 100450.000, 93.000, 215.567, 5.300, 6.380
"2013/09/20 13:08:37", 15.100, 92.128, 100430.000, 93.000, 205.567, 4.990, 6.480
"2013/09/20 13:23:35", 15.100, 158.345, 100420.000, 94.000, 195.567, 4.370, 5.500
"2013/09/20 13:38:33", 15.100, 177.059, 100400.000, 93.000, 194.567, 3.500, 4.060
"2013/09/20 13:53:31", 15.300, 181.377, 100390.000, 92.000, 185.567, 3.960, 4.990
"2013/09/20 14:08:29", 15.600, 267.747, 100380.000, 91.000, 176.567, 3.340, 3.760
"2013/09/20 14:23:27", 15.700, 174.180, 100380.000, 90.000, 171.567, 2.880, 3.290
"2013/09/20 14:38:26", 15.700, 120.918, 100380.000, 88.000, 157.567, 4.120, 4.480
"2013/09/20 14:53:23", 15.900, 113.721, 100380.000, 87.000, 160.567, 4.680, 4.890
"2013/09/20 15:08:21", 16.400, 110.842, 100370.000, 85.000, 155.567, 4.680, 5.090
"2013/09/20 15:23:19", 16.400, 60.459, 100370.000, 86.000, 161.567, 3.960, 4.270
"2013/09/20 15:38:18", 16.500, 47.504, 100390.000, 85.000, 173.567, 3.450, 3.860
"2013/09/20 15:53:16", 16.400, 53.262, 100380.000, 85.000, 171.567, 4.320, 4.580
"2013/09/20 16:08:14", 16.600, 40.306, 100370.000, 86.000, 157.567, 4.320, 4.780
"2013/09/20 16:23:11", 16.700, 71.975, 100360.000, 83.000, 150.567, 4.010, 5.140
"2013/09/20 16:38:10", 16.900, 24.472, 100360.000, 79.000, 188.567, 5.970, 6.790
"2013/09/20 16:53:08", 16.400, 17.274, 100370.000, 81.000, 198.567, 7.150, 8.080
"2013/09/20 17:08:06", 15.500, 11.516, 100380.000, 89.000, 195.567, 6.790, 8.540
"2013/09/20 17:23:04", 15.300, 8.637, 100380.000, 90.000, 188.567, 6.330, 8.080
"2013/09/20 17:38:02", 15.100, 2.879, 100380.000, 92.000, 188.567, 7.410, 8.390
"2013/09/20 17:53:00", 15.300, 11.516, 100380.000, 91.000, 180.567, 7.510, 8.750
"2013/09/20 18:07:58", 15.500, 1.440, 100380.000, 91.000, 187.567, 6.120, 7.460
"2013/09/20 18:22:56", 15.400, 1.440, 100370.000, 92.000, 195.567, 7.100, 8.490
"2013/09/20 18:37:54", 15.500, 1.440, 100370.000, 92.000, 193.567, 8.900, 10.130
"2013/09/20 18:52:52", 15.600, 1.440, 100380.000, 92.000, 197.567, 8.490, 9.930
"2013/09/20 19:07:50", 15.800, 1.440, 100380.000, 91.000, 200.567, 5.860, 7.460
"2013/09/20 19:22:48", 15.700, 1.440, 100380.000, 91.000, 197.567, 8.690, 9.670
"2013/09/20 19:37:46", 15.800, 1.440, 100390.000, 92.000, 201.567, 8.030, 9.310
"2013/09/20 19:52:44", 15.700, 1.440, 100410.000, 92.000, 202.567, 7.310, 8.750
"2013/09/20 20:07:42", 15.700, 1.440, 100410.000, 91.000, 204.567, 6.690, 7.970
"2013/09/20 20:22:40", 15.800, 1.440, 100420.000, 91.000, 204.567, 5.970, 6.890
"2013/09/20 20:37:38", 15.700, 1.440, 100430.000, 92.000, 206.567, 6.220, 7.000
"2013/09/20 20:52:36", 15.800, 1.440, 100420.000, 92.000, 206.567, 7.200, 7.920
"2013/09/20 21:07:34", 15.900, 1.440, 100420.000, 92.000, 210.567, 6.020, 7.050
"2013/09/20 21:16:04", 16.100, 1.440, 100420.000, 92.000, 211.567, 5.710, 6.220
"2013/09/20 21:31:02", 16.000, 1.440, 100420.000, 92.000, 207.567, 4.320, 4.840
"2013/09/20 21:46:00", 16.000, 1.440, 100430.000, 92.000, 211.567, 4.220, 4.630
"2013/09/20 22:00:58", 16.100, 1.440, 100430.000, 92.000, 207.567, 4.580, 5.500
"2013/09/20 22:15:56", 16.100, 1.440, 100450.000, 92.000, 208.567, 3.650, 3.960
"2013/09/20 22:30:54", 16.100, 1.440, 100450.000, 92.000, 218.567, 3.810, 4.370
"2013/09/20 22:45:52", 16.000, 1.440, 100450.000, 92.000, 217.567, 3.340, 3.600
"2013/09/20 23:00:50", 16.000, 1.440, 100460.000, 93.000, 202.567, 2.520, 2.730
"2013/09/20 23:15:48", 15.900, 1.440, 100460.000, 94.000, 198.567, 1.750, 2.010
"2013/09/20 23:30:46", 15.900, 1.440, 100460.000, 94.000, 182.567, 1.340, 1.540
"2013/09/20 23:45:44", 15.700, 1.440, 100450.000, 94.000, 188.567, 2.010, 2.210
"2013/09/21 00:00:42", 15.500, 1.440, 100460.000, 94.000, 204.567, 1.340, 1.540
"2013/09/21 00:15:40", 15.400, 1.440, 100460.000, 94.000, 230.567, 1.080, 1.340
"2013/09/21 00:30:38", 15.400, 1.440, 100470.000, 95.000, 197.567, 1.290, 1.390
"2013/09/21 00:45:36", 15.300, 1.440, 100480.000, 95.000, 185.567, 1.900, 2.060
"2013/09/21 01:00:34", 15.100, 1.440, 100470.000, 96.000, 177.567, 2.010, 2.370
"2013/09/21 01:15:32", 15.000, 1.440, 100470.000, 95.000, 176.567, 2.470, 2.980
"2013/09/21 01:30:39", 15.100, 1.440, 100470.000, 95.000, 188.567, 2.780, 3.190
"2013/09/21 01:45:28", 15.300, 1.440, 100460.000, 93.000, 184.567, 2.830, 3.340
"2013/09/21 02:00:26", 15.000, 1.440, 100470.000, 93.000, 163.567, 2.830, 3.600
"2013/09/21 02:15:24", 14.900, 1.440, 100460.000, 93.000, 183.567, 2.680, 2.930
"2013/09/21 02:30:22", 14.800, 1.440, 100470.000, 93.000, 182.567, 3.550, 3.650
"2013/09/21 02:45:20", 14.900, 1.440, 100450.000, 94.000, 181.567, 2.780, 3.140
"2013/09/21 03:00:18", 14.800, 1.440, 100460.000, 94.000, 184.567, 3.090, 3.550
"2013/09/21 03:15:17", 14.700, 1.440, 100470.000, 94.000, 174.567, 3.400, 3.700
"2013/09/21 03:30:15", 14.500, 1.440, 100480.000, 94.000, 167.567, 3.400, 3.600
"2013/09/21 03:45:12", 14.500, 1.440, 100480.000, 94.000, 166.567, 3.400, 3.700
"2013/09/21 04:00:10", 14.500, 1.440, 100470.000, 94.000, 176.567, 2.830, 3.140
"2013/09/21 04:15:08", 14.300, 1.440, 100470.000, 94.000, 183.567, 2.570, 2.930
"2013/09/21 04:30:07", 14.000, 1.440, 100490.000, 91.000, 174.567, 2.830, 3.090
"2013/09/21 04:45:05", 14.100, 1.440, 100470.000, 88.000, 143.567, 1.180, 1.490
"2013/09/21 05:00:03", 14.300, 1.440, 100470.000, 87.000, 130.567, 1.900, 2.260
"2013/09/21 05:15:01", 14.600, 1.440, 100470.000, 87.000, 135.567, 2.520, 2.780
"2013/09/21 05:29:59", 14.600, 1.440, 100480.000, 87.000, 139.567, 1.950, 2.210
"2013/09/21 05:44:57", 14.600, 1.440, 100500.000, 88.000, 136.567, 2.880, 3.190
"2013/09/21 05:59:55", 14.700, 1.440, 100510.000, 88.000, 136.567, 2.520, 2.680
"2013/09/21 06:14:53", 14.600, 5.758, 100520.000, 90.000, 151.567, 2.880, 3.140
"2013/09/21 06:29:51", 14.700, 33.109, 100510.000, 91.000, 136.567, 2.110, 2.320
"2013/09/21 06:44:49", 15.200, 71.975, 100510.000, 88.000, 137.567, 2.160, 2.570
"2013/09/21 06:59:47", 14.900, 57.580, 100520.000, 89.000, 159.567, 3.400, 3.600
"2013/09/21 07:14:45", 15.200, 84.931, 100520.000, 87.000, 141.567, 2.880, 3.190
"2013/09/21 07:29:43", 15.000, 74.854, 100520.000, 89.000, 161.567, 2.620, 2.880
"2013/09/21 07:44:41", 15.000, 77.733, 100520.000, 89.000, 162.567, 2.110, 2.370
"2013/09/21 07:59:39", 15.000, 48.943, 100550.000, 90.000, 164.567, 2.160, 2.730
"2013/09/21 08:14:37", 15.400, 97.886, 100550.000, 90.000, 134.567, 2.010, 2.570
"2013/09/21 08:29:35", 15.800, 93.568, 100560.000, 87.000, 114.567, 3.240, 3.860
"2013/09/21 08:44:33", 15.500, 80.612, 100570.000, 88.000, 91.567, 2.320, 2.880
"2013/09/21 08:59:31", 15.700, 260.550, 100570.000, 87.000, 104.567, 2.680, 3.040
"2013/09/21 09:14:29", 16.000, 348.359, 100580.000, 85.000, 115.567, 2.620, 3.090
"2013/09/21 09:29:27", 16.100, 234.639, 100580.000, 83.000, 111.567, 2.420, 2.980
"2013/09/21 09:44:25", 16.400, 374.270, 100580.000, 81.000, 129.567, 2.320, 2.620
"2013/09/21 09:59:23", 17.000, 521.099, 100580.000, 77.000, 149.567, 2.010, 2.320
"2013/09/21 10:14:21", 16.900, 213.046, 100580.000, 77.000, 145.567, 1.030, 1.590
"2013/09/21 10:29:19", 16.700, 178.498, 100590.000, 77.000, 233.567, 1.080, 1.290
"2013/09/21 10:44:17", 16.800, 283.582, 100600.000, 78.000, 156.567, 0.820, 1.230
"2013/09/21 10:59:15", 16.500, 313.811, 100610.000, 76.000, 212.567, 3.910, 4.840
"2013/09/21 11:14:13", 16.600, 492.309, 100610.000, 78.000, 226.567, 3.650, 4.060
"2013/09/21 11:29:11", 16.500, 595.953, 100620.000, 78.000, 226.567, 3.910, 4.530
"2013/09/21 11:44:09", 16.400, 466.398, 100620.000, 80.000, 243.567, 3.860, 4.270
"2013/09/21 11:59:07", 16.200, 475.035, 100620.000, 80.000, 252.567, 4.220, 4.630
"2013/09/21 12:14:05", 16.100, 331.085, 100630.000, 82.000, 247.567, 3.960, 4.630
"2013/09/21 12:29:03", 16.200, 420.334, 100630.000, 83.000, 250.567, 4.270, 4.990
"2013/09/21 12:44:01", 16.200, 322.448, 100630.000, 83.000, 247.567, 4.530, 5.300
"2013/09/21 12:58:59", 16.100, 285.021, 100630.000, 83.000, 249.567, 4.010, 4.480
"2013/09/21 13:13:57", 16.100, 295.098, 100620.000, 85.000, 245.567, 4.730, 5.560
"2013/09/21 13:28:55", 16.200, 384.347, 100630.000, 84.000, 256.567, 4.890, 5.350
"2013/09/21 13:43:53", 16.100, 269.187, 100630.000, 85.000, 244.567, 4.630, 5.200
"2013/09/21 13:58:51", 16.100, 292.219, 100630.000, 84.000, 232.567, 4.890, 5.350
"2013/09/21 14:13:49", 16.200, 367.073, 100630.000, 76.000, 256.567, 4.680, 5.560
"2013/09/21 14:28:47", 16.500, 594.514, 100640.000, 77.000, 251.567, 3.960, 4.680
"2013/09/21 14:43:45", 16.600, 503.825, 100660.000, 73.000, 252.567, 3.860, 4.320
"2013/09/21 14:58:43", 16.500, 476.475, 100650.000, 74.000, 250.567, 3.760, 4.220
"2013/09/21 15:07:13", 16.600, 410.258, 100650.000, 75.000, 255.567, 4.060, 4.530
"2013/09/21 15:22:11", 16.500, 446.245, 100640.000, 78.000, 247.567, 3.700, 4.220
"2013/09/21 15:37:09", 16.600, 401.621, 100630.000, 73.000, 231.567, 3.340, 3.910
"2013/09/21 15:52:07", 16.600, 377.149, 100630.000, 75.000, 226.567, 3.240, 4.120
"2013/09/21 16:07:05", 16.700, 316.690, 100650.000, 78.000, 234.567, 3.400, 3.700
"2013/09/21 16:22:04", 16.600, 287.900, 100660.000, 78.000, 218.567, 3.240, 4.840
"2013/09/21 16:37:02", 16.700, 251.913, 100660.000, 76.000, 231.567, 3.290, 3.810
"2013/09/21 16:51:59", 16.800, 192.893, 100670.000, 77.000, 239.567, 3.340, 3.700
"2013/09/21 17:06:58", 16.700, 152.587, 100680.000, 81.000, 239.567, 4.060, 5.090
"2013/09/21 17:21:56", 16.600, 86.370, 100670.000, 80.000, 224.567, 3.650, 4.220
"2013/09/21 17:36:54", 16.300, 23.032, 100660.000, 82.000, 230.567, 3.860, 4.270
"2013/09/21 17:51:52", 16.200, 10.077, 100660.000, 83.000, 222.567, 3.340, 3.860
"2013/09/21 18:06:50", 16.100, 2.879, 100660.000, 84.000, 208.567, 3.140, 3.760
"2013/09/21 18:21:48", 16.100, 1.440, 100650.000, 84.000, 207.567, 2.160, 2.520
"2013/09/21 18:36:46", 15.800, 1.440, 100660.000, 84.000, 221.567, 4.120, 4.840
"2013/09/21 18:51:44", 15.800, 1.440, 100650.000, 78.000, 206.567, 3.140, 3.340
"2013/09/21 19:06:42", 15.700, 1.440, 100660.000, 77.000, 209.567, 3.450, 3.700
"2013/09/21 19:21:40", 15.400, 1.440, 100670.000, 84.000, 207.567, 5.710, 6.530
"2013/09/21 19:36:38", 15.000, 1.440, 100680.000, 86.000, 206.567, 4.990, 5.610
"2013/09/21 19:51:36", 15.100, 1.440, 100670.000, 86.000, 191.567, 4.120, 4.530
"2013/09/21 20:06:34", 15.000, 1.440, 100670.000, 84.000, 194.567, 3.910, 4.220
"2013/09/21 20:21:32", 15.300, 1.440, 100670.000, 85.000, 178.567, 3.860, 4.370
"2013/09/21 20:36:30", 15.000, 1.440, 100680.000, 89.000, 195.567, 3.140, 3.600
"2013/09/21 20:51:28", 14.800, 1.440, 100680.000, 89.000, 191.567, 3.450, 3.960
"2013/09/21 21:06:26", 15.200, 1.440, 100690.000, 88.000, 199.567, 4.480, 5.090
"2013/09/21 21:21:24", 15.200, 1.440, 100700.000, 86.000, 195.567, 3.810, 4.270
"2013/09/21 21:36:22", 15.000, 1.440, 100710.000, 89.000, 191.567, 4.170, 4.480
"2013/09/21 21:51:20", 15.200, 1.440, 100710.000, 90.000, 195.567, 4.680, 5.250
"2013/09/21 22:06:18", 15.100, 1.440, 100680.000, 90.000, 188.567, 5.350, 6.170
"2013/09/21 22:21:16", 15.000, 1.440, 100680.000, 90.000, 184.567, 4.580, 4.890
"2013/09/21 22:36:14", 15.100, 1.440, 100670.000, 90.000, 197.567, 6.480, 7.310
"2013/09/21 22:51:12", 15.300, 1.440, 100680.000, 88.000, 209.567, 6.070, 7.050
"2013/09/21 23:06:10", 15.300, 1.440, 100680.000, 87.000, 197.567, 7.000, 8.330
"2013/09/21 23:21:08", 15.300, 1.440, 100690.000, 88.000, 202.567, 6.220, 7.150
"2013/09/21 23:36:06", 15.100, 1.440, 100680.000, 88.000, 196.567, 5.610, 6.330
"2013/09/21 23:51:04", 15.100, 1.440, 100680.000, 87.000, 216.567, 5.090, 6.220
"2013/09/22 00:06:02", 15.300, 1.440, 100670.000, 89.000, 195.567, 6.020, 7.100
"2013/09/22 00:21:00", 15.300, 1.440, 100670.000, 88.000, 210.567, 6.790, 8.030
"2013/09/22 00:35:58", 15.200, 1.440, 100670.000, 90.000, 198.567, 4.220, 5.250
"2013/09/22 00:50:56", 16.300, 1.440, 100650.000, 75.000, 244.567, 5.970, 6.690
"2013/09/22 01:05:54", 16.200, 1.440, 100640.000, 75.000, 230.567, 4.840, 5.450
"2013/09/22 01:20:52", 16.200, 1.440, 100660.000, 75.000, 232.567, 4.780, 5.450
"2013/09/22 01:35:50", 16.300, 1.440, 100630.000, 74.000, 231.567, 5.760, 6.380
"2013/09/22 01:50:48", 16.200, 1.440, 100620.000, 75.000, 218.567, 5.400, 6.280
"2013/09/22 02:05:46", 16.400, 1.440, 100620.000, 70.000, 221.567, 6.170, 7.310
"2013/09/22 02:20:44", 16.400, 1.440, 100620.000, 72.000, 217.567, 6.790, 8.030
"2013/09/22 02:35:42", 16.500, 1.440, 100610.000, 70.000, 223.567, 7.310, 8.440
"2013/09/22 02:50:40", 16.400, 1.440, 100610.000, 73.000, 220.567, 7.310, 8.280
"2013/09/22 03:05:38", 16.500, 1.440, 100580.000, 71.000, 218.567, 8.750, 9.830
"2013/09/22 03:14:08", 15.600, 1.440, 100580.000, 78.000, 244.567, 12.040, 14.920
"2013/09/22 03:29:06", 13.900, 1.440, 100600.000, 87.000, 233.567, 7.410, 8.180
"2013/09/22 03:44:04", 14.000, 1.440, 100570.000, 87.000, 203.567, 5.610, 6.480
"2013/09/22 03:59:02", 13.900, 1.440, 100570.000, 90.000, 195.567, 4.890, 5.710
"2013/09/22 04:14:00", 14.700, 1.440, 100550.000, 84.000, 229.567, 9.880, 11.370
"2013/09/22 04:28:58", 14.700, 1.440, 100550.000, 80.000, 223.567, 9.520, 11.730
"2013/09/22 04:43:56", 14.900, 1.440, 100540.000, 77.000, 233.567, 7.510, 8.330
"2013/09/22 04:52:26", 15.000, 1.440, 100540.000, 86.000, 234.567, 10.340, 11.940
"2013/09/22 05:07:24", 14.900, 1.440, 100530.000, 87.000, 215.567, 8.330, 9.570
"2013/09/22 05:22:23", 14.900, 1.440, 100530.000, 85.000, 212.567, 8.800, 10.290
"2013/09/22 05:37:21", 14.800, 1.440, 100520.000, 86.000, 207.567, 8.390, 10.390
"2013/09/22 05:52:19", 14.800, 1.440, 100520.000, 87.000, 203.567, 7.610, 9.260
"2013/09/22 06:07:17", 14.600, 1.440, 100510.000, 84.000, 204.567, 11.420, 13.680
"2013/09/22 06:22:15", 14.800, 1.440, 100480.000, 84.000, 193.567, 8.540, 9.930
"2013/09/22 06:37:13", 15.100, 4.319, 100460.000, 83.000, 198.567, 9.000, 10.850
"2013/09/22 06:52:11", 14.800, 2.879, 100470.000, 86.000, 199.567, 11.730, 13.680
"2013/09/22 07:07:09", 14.300, 5.758, 100460.000, 89.000, 208.567, 8.130, 11.110
"2013/09/22 07:22:07", 14.200, 8.637, 100430.000, 90.000, 208.567, 10.550, 13.840
"2013/09/22 07:37:05", 14.100, 7.198, 100410.000, 93.000, 196.567, 7.970, 9.980
"2013/09/22 07:52:03", 14.200, 37.427, 100370.000, 91.000, 193.567, 11.780, 14.250
"2013/09/22 08:07:01", 14.500, 56.141, 100330.000, 88.000, 195.567, 12.400, 14.100
"2013/09/22 08:21:59", 14.800, 79.173, 100290.000, 85.000, 192.567, 12.910, 14.510
"2013/09/22 08:36:57", 14.700, 37.427, 100280.000, 87.000, 193.567, 12.910, 16.210
"2013/09/22 08:51:55", 14.400, 47.504, 100250.000, 93.000, 204.567, 14.400, 17.750
"2013/09/22 09:06:53", 14.100, 92.128, 100250.000, 95.000, 198.567, 12.350, 14.400
"2013/09/22 09:21:51", 14.000, 84.931, 100220.000, 95.000, 201.567, 14.820, 17.650
"2013/09/22 09:36:49", 13.800, 129.555, 100180.000, 96.000, 195.567, 16.410, 18.830
"2013/09/22 09:51:47", 13.700, 100.765, 100160.000, 97.000, 193.567, 15.540, 18.730
"2013/09/22 10:06:45", 13.800, 40.306, 100150.000, 97.000, 189.567, 14.820, 18.730
"2013/09/22 10:21:43", 13.800, 27.351, 100090.000, 97.000, 193.567, 13.940, 17.800
"2013/09/22 10:30:13", 13.600, 20.153, 100120.000, 97.000, 195.567, 16.870, 21.200
"2013/09/22 10:45:11", 13.600, 56.141, 100090.000, 98.000, 201.567, 15.430, 18.160
"2013/09/22 11:00:09", 13.700, 87.810, 100080.000, 99.000, 192.567, 13.530, 15.740
"2013/09/22 11:15:07", 14.300, 74.854, 100070.000, 99.000, 208.567, 16.100, 20.370
"2013/09/22 11:30:05", 14.700, 56.141, 100140.000, 99.000, 226.567, 16.620, 19.450
"2013/09/22 11:45:03", 15.200, 148.269, 100180.000, 99.000, 266.567, 6.120, 6.640
"2013/09/22 12:00:01", 15.500, 234.639, 100230.000, 87.000, 260.567, 7.670, 8.690
"2013/09/22 12:14:59", 15.400, 135.313, 100260.000, 85.000, 266.567, 6.170, 6.640
"2013/09/22 12:29:57", 15.500, 135.313, 100270.000, 85.000, 247.567, 4.940, 5.300
"2013/09/22 12:44:55", 15.500, 169.861, 100290.000, 86.000, 252.567, 4.630, 5.200
"2013/09/22 12:59:53", 15.800, 185.696, 100300.000, 86.000, 228.567, 5.710, 6.790
"2013/09/22 13:14:51", 15.900, 151.148, 100310.000, 87.000, 208.567, 6.740, 7.610
"2013/09/22 13:29:49", 15.800, 452.003, 100310.000, 89.000, 219.567, 6.430, 8.280
"2013/09/22 13:44:47", 15.800, 505.265, 100320.000, 90.000, 208.567, 6.740, 7.510
"2013/09/22 13:59:45", 16.100, 624.743, 100310.000, 89.000, 207.567, 7.050, 8.690
"2013/09/22 14:14:43", 16.500, 610.348, 100320.000, 88.000, 209.567, 6.740, 7.200
"2013/09/22 14:29:41", 17.200, 495.188, 100320.000, 77.000, 238.567, 7.000, 7.770
"2013/09/22 14:44:39", 17.100, 479.354, 100360.000, 78.000, 254.567, 6.640, 7.410
"2013/09/22 14:59:37", 16.900, 444.806, 100380.000, 78.000, 257.567, 6.280, 7.100
"2013/09/22 15:14:35", 17.000, 159.785, 100410.000, 74.000, 255.567, 7.560, 8.440
"2013/09/22 15:29:33", 17.000, 139.632, 100430.000, 76.000, 250.567, 6.330, 7.410
"2013/09/22 15:38:03", 16.800, 174.180, 100450.000, 79.000, 248.567, 7.360, 8.180
"2013/09/22 15:53:01", 16.400, 158.345, 100470.000, 76.000, 244.567, 8.030, 8.950
"2013/09/22 16:01:31", 16.600, 385.786, 100470.000, 78.000, 245.567, 7.720, 8.640
"2013/09/22 16:16:29", 16.600, 116.600, 100470.000, 79.000, 240.567, 7.100, 8.030
"2013/09/22 16:24:59", 16.400, 118.039, 100490.000, 81.000, 244.567, 6.170, 7.460
"2013/09/22 16:39:57", 16.500, 87.810, 100510.000, 79.000, 241.567, 7.100, 8.230
"2013/09/22 16:54:56", 16.600, 102.205, 100520.000, 79.000, 236.567, 6.430, 7.250
"2013/09/22 17:09:53", 16.600, 56.141, 100520.000, 80.000, 240.567, 5.920, 6.890
"2013/09/22 17:24:52", 16.600, 21.593, 100540.000, 80.000, 242.567, 6.020, 6.640
"2013/09/22 17:39:50", 16.600, 4.319, 100560.000, 80.000, 244.567, 5.660, 6.530
"2013/09/22 17:54:48", 13.300, 4.319, 100610.000, 92.000, 267.567, 9.360, 11.520
"2013/09/22 18:09:46", 14.300, 1.440, 100610.000, 84.000, 250.567, 4.630, 5.710
"2013/09/22 18:24:44", 14.700, 1.440, 100620.000, 82.000, 260.567, 3.810, 4.370
"2013/09/22 18:39:42", 15.300, 1.440, 100630.000, 80.000, 250.567, 4.580, 5.140
"2013/09/22 18:54:40", 15.700, 1.440, 100650.000, 76.000, 256.567, 6.020, 6.790
"2013/09/22 19:09:38", 15.800, 1.440, 100670.000, 80.000, 243.567, 6.120, 6.840
"2013/09/22 19:24:36", 15.500, 1.440, 100690.000, 85.000, 235.567, 4.630, 5.140
"2013/09/22 19:39:34", 15.500, 1.440, 100710.000, 87.000, 245.567, 5.860, 8.030
"2013/09/22 19:54:32", 15.200, 1.440, 100730.000, 76.000, 244.567, 7.360, 8.440
"2013/09/22 20:09:30", 14.800, 1.440, 100750.000, 86.000, 230.567, 7.250, 8.080
"2013/09/22 20:24:28", 14.500, 1.440, 100770.000, 85.000, 219.567, 6.020, 6.890
"2013/09/22 20:39:26", 14.900, 1.440, 100780.000, 82.000, 230.567, 5.350, 6.330
"2013/09/22 20:54:24", 14.900, 1.440, 100780.000, 83.000, 224.567, 5.970, 7.560
"2013/09/22 21:02:54", 15.200, 1.440, 100780.000, 84.000, 224.567, 5.400, 6.330
"2013/09/22 21:17:52", 15.200, 1.440, 100800.000, 83.000, 215.567, 5.450, 6.070
"2013/09/22 21:32:50", 15.400, 1.440, 100820.000, 84.000, 213.567, 5.250, 6.070
"2013/09/22 21:47:48", 15.900, 1.440, 100820.000, 84.000, 227.567, 7.720, 8.590
"2013/09/22 22:02:46", 15.800, 1.440, 100830.000, 79.000, 228.567, 7.250, 8.330
"2013/09/22 22:17:44", 15.600, 1.440, 100860.000, 81.000, 222.567, 6.070, 7.150
"2013/09/22 22:32:42", 15.400, 1.440, 100860.000, 84.000, 215.567, 5.760, 6.840
"2013/09/22 22:47:41", 15.900, 1.440, 100860.000, 79.000, 231.567, 6.890, 8.180
"2013/09/22 23:02:38", 16.100, 1.440, 100870.000, 79.000, 228.567, 6.890, 7.460
"2013/09/22 23:11:08", 16.300, 1.440, 100870.000, 79.000, 238.567, 7.410, 8.540
"2013/09/22 23:26:06", 15.600, 1.440, 100880.000, 85.000, 236.567, 6.380, 8.390
"2013/09/22 23:41:04", 15.900, 1.440, 100900.000, 80.000, 239.567, 7.310, 8.800
"2013/09/22 23:56:02", 15.700, 1.440, 100910.000, 78.000, 228.567, 7.150, 8.330
"2013/09/23 00:11:00", 15.600, 1.440, 100920.000, 83.000, 218.567, 8.390, 10.030
"2013/09/23 00:25:58", 15.300, 1.440, 100940.000, 88.000, 212.567, 7.460, 8.440
"2013/09/23 00:34:28", 15.300, 1.440, 100940.000, 87.000, 213.567, 7.100, 8.440
"2013/09/23 00:49:26", 15.600, 1.440, 100950.000, 87.000, 228.567, 6.950, 8.230
"2013/09/23 01:04:24", 14.800, 1.440, 100970.000, 77.000, 229.567, 6.070, 7.560
"2013/09/23 01:19:22", 14.300, 1.440, 100970.000, 79.000, 247.567, 9.930, 11.680
"2013/09/23 01:34:20", 14.200, 1.440, 100970.000, 82.000, 236.567, 5.250, 6.330
"2013/09/23 01:49:18", 15.400, 1.440, 100980.000, 76.000, 258.567, 5.920, 6.690
"2013/09/23 02:04:16", 15.100, 1.440, 101000.000, 78.000, 254.567, 8.440, 9.310
"2013/09/23 02:19:14", 14.500, 1.440, 101000.000, 82.000, 251.567, 4.990, 5.500
"2013/09/23 02:34:12", 14.100, 1.440, 101020.000, 83.000, 230.567, 7.510, 8.180
"2013/09/23 02:49:10", 14.200, 1.440, 101020.000, 87.000, 216.567, 4.890, 5.500
"2013/09/23 03:04:08", 14.100, 1.440, 101030.000, 91.000, 205.567, 3.450, 3.960
"2013/09/23 03:19:06", 14.300, 1.440, 101020.000, 88.000, 202.567, 2.980, 3.340
"2013/09/23 03:34:04", 14.600, 1.440, 101030.000, 87.000, 213.567, 3.040, 3.400
"2013/09/23 03:49:02", 14.600, 1.440, 101050.000, 88.000, 225.567, 2.730, 3.240
"2013/09/23 04:04:00", 14.800, 1.440, 101050.000, 80.000, 264.567, 4.680, 5.350
"2013/09/23 04:18:58", 14.800, 1.440, 101030.000, 77.000, 264.567, 4.530, 5.200
"2013/09/23 04:33:57", 14.900, 1.440, 101050.000, 80.000, 244.567, 4.120, 5.300
"2013/09/23 04:48:55", 14.900, 1.440, 101050.000, 81.000, 235.567, 7.000, 7.610
"2013/09/23 05:03:52", 14.700, 1.440, 101060.000, 87.000, 236.567, 5.200, 5.810
"2013/09/23 05:18:51", 14.900, 1.440, 101060.000, 86.000, 229.567, 5.610, 6.580
"2013/09/23 05:33:48", 15.100, 1.440, 101080.000, 85.000, 225.567, 6.070, 7.610
"2013/09/23 05:48:47", 15.200, 1.440, 101070.000, 84.000, 219.567, 5.450, 6.280
"2013/09/23 06:03:45", 15.300, 1.440, 101080.000, 85.000, 219.567, 5.350, 6.280
"2013/09/23 06:18:43", 15.300, 5.758, 101100.000, 84.000, 222.567, 5.040, 5.610
"2013/09/23 06:33:41", 15.500, 12.956, 101120.000, 79.000, 233.567, 4.990, 5.710
"2013/09/23 06:48:39", 15.800, 27.351, 101130.000, 78.000, 240.567, 5.200, 5.970
"2013/09/23 07:03:37", 15.800, 47.504, 101140.000, 81.000, 236.567, 5.200, 5.970
"2013/09/23 07:18:35", 15.900, 84.931, 101130.000, 81.000, 236.567, 5.810, 6.840
"2013/09/23 07:33:33", 15.800, 80.612, 101150.000, 78.000, 230.567, 7.560, 8.440
"2013/09/23 07:48:31", 15.500, 135.313, 101160.000, 85.000, 232.567, 7.410, 8.330
"2013/09/23 08:03:29", 15.400, 155.466, 101180.000, 83.000, 227.567, 7.150, 8.540
"2013/09/23 08:18:27", 15.600, 118.039, 101180.000, 76.000, 239.567, 8.130, 9.310
"2013/09/23 08:33:25", 15.600, 109.402, 101190.000, 79.000, 234.567, 8.130, 9.260
"2013/09/23 08:48:23", 15.400, 175.619, 101210.000, 79.000, 226.567, 7.460, 8.590
"2013/09/23 09:03:21", 15.600, 126.676, 101230.000, 75.000, 224.567, 7.100, 8.130
"2013/09/23 09:18:19", 15.900, 204.409, 101250.000, 73.000, 224.567, 7.560, 9.410
"2013/09/23 09:33:17", 15.800, 165.543, 101270.000, 76.000, 226.567, 7.050, 8.230
"2013/09/23 09:48:15", 15.600, 182.817, 101270.000, 75.000, 214.567, 8.230, 9.470
"2013/09/23 10:03:13", 15.700, 182.817, 101280.000, 77.000, 216.567, 6.840, 7.970
"2013/09/23 10:18:11", 15.600, 172.740, 101300.000, 81.000, 210.567, 7.310, 8.230
"2013/09/23 10:33:09", 15.700, 254.792, 101310.000, 83.000, 209.567, 7.610, 9.770
"2013/09/23 10:48:07", 16.000, 211.607, 101330.000, 81.000, 231.567, 6.120, 6.530
"2013/09/23 11:03:05", 14.900, 92.128, 101330.000, 78.000, 290.567, 8.540, 9.050
"2013/09/23 11:11:35", 14.900, 83.491, 101350.000, 80.000, 281.567, 8.080, 9.110
"2013/09/23 11:26:33", 13.900, 143.950, 101370.000, 82.000, 269.567, 6.170, 6.840
"2013/09/23 11:41:31", 13.900, 302.295, 101370.000, 85.000, 269.567, 4.680, 5.140
"2013/09/23 11:56:29", 14.300, 498.067, 101380.000, 82.000, 248.567, 3.810, 4.060
"2013/09/23 12:11:27", 14.800, 499.507, 101400.000, 80.000, 241.567, 4.480, 5.090
"2013/09/23 12:26:25", 15.200, 411.697, 101380.000, 75.000, 242.567, 4.840, 5.710
"2013/09/23 12:41:23", 15.400, 536.934, 101400.000, 74.000, 242.567, 4.840, 5.760
"2013/09/23 12:56:21", 15.400, 368.512, 101400.000, 72.000, 223.567, 5.660, 6.950
"2013/09/23 13:11:19", 15.400, 572.921, 101400.000, 76.000, 229.567, 5.500, 6.690
"2013/09/23 13:26:17", 15.200, 332.525, 101400.000, 78.000, 214.567, 6.480, 7.410
"2013/09/23 13:41:15", 15.300, 241.836, 101410.000, 78.000, 233.567, 5.970, 7.000
"2013/09/23 13:56:13", 15.400, 156.906, 101420.000, 79.000, 227.567, 5.450, 6.380
"2013/09/23 14:11:11", 15.500, 120.918, 101420.000, 78.000, 229.567, 7.460, 8.030
"2013/09/23 14:26:09", 14.900, 118.039, 101430.000, 68.000, 285.567, 7.770, 8.900
"2013/09/23 14:41:07", 14.400, 142.511, 101430.000, 73.000, 292.567, 3.500, 3.860
"2013/09/23 14:56:05", 14.800, 165.543, 101450.000, 81.000, 254.567, 3.290, 3.760
"2013/09/23 15:11:03", 15.400, 73.415, 101430.000, 80.000, 253.567, 3.240, 3.810
"2013/09/23 15:26:01", 15.500, 110.842, 101440.000, 81.000, 236.567, 5.400, 6.380
"2013/09/23 15:40:59", 15.600, 377.149, 101430.000, 75.000, 219.567, 5.090, 6.640
"2013/09/23 15:55:57", 15.700, 90.689, 101430.000, 78.000, 228.567, 6.170, 6.890
"2013/09/23 16:10:55", 15.600, 43.185, 101430.000, 79.000, 232.567, 6.580, 7.250
"2013/09/23 16:25:53", 14.600, 110.842, 101450.000, 75.000, 292.567, 5.450, 6.330
"2013/09/23 16:40:51", 15.000, 156.906, 101430.000, 74.000, 305.567, 3.550, 4.060
"2013/09/23 16:55:49", 15.100, 96.447, 101430.000, 76.000, 300.567, 3.550, 3.810
"2013/09/23 17:10:47", 15.700, 130.994, 101430.000, 72.000, 297.567, 3.600, 4.480
"2013/09/23 17:25:46", 15.700, 93.568, 101430.000, 73.000, 296.567, 2.780, 3.450
"2013/09/23 17:40:44", 15.500, 34.548, 101430.000, 73.000, 296.567, 2.980, 3.700
"2013/09/23 17:55:42", 15.500, 11.516, 101450.000, 70.000, 293.567, 2.830, 3.190
"2013/09/23 18:10:40", 15.400, 1.440, 101460.000, 72.000, 284.567, 2.160, 2.620
"2013/09/23 18:25:38", 15.300, 1.440, 101460.000, 73.000, 290.567, 3.040, 3.910
"2013/09/23 18:40:37", 15.300, 1.440, 101470.000, 72.000, 293.567, 2.620, 3.140
"2013/09/23 18:55:34", 15.400, 1.440, 101470.000, 72.000, 288.567, 1.750, 2.160
"2013/09/23 19:10:32", 15.500, 1.440, 101480.000, 70.000, 273.567, 1.650, 2.680
"2013/09/23 19:25:30", 15.400, 1.440, 101480.000, 69.000, 290.567, 2.680, 3.040
"2013/09/23 19:40:28", 15.400, 1.440, 101500.000, 69.000, 292.567, 2.570, 3.090
"2013/09/23 19:55:26", 15.500, 1.440, 101510.000, 73.000, 269.567, 1.750, 2.320
"2013/09/23 20:10:24", 15.200, 1.440, 101510.000, 76.000, 243.567, 2.110, 2.370
"2013/09/23 20:25:22", 15.200, 1.440, 101510.000, 75.000, 252.567, 1.540, 1.950
"2013/09/23 20:40:20", 15.400, 1.440, 101520.000, 74.000, 256.567, 1.750, 2.260
"2013/09/23 20:55:18", 14.400, 1.440, 101520.000, 83.000, 201.567, 2.260, 2.620
"2013/09/23 21:10:16", 14.000, 1.440, 101510.000, 87.000, 172.567, 3.190, 3.960
"2013/09/23 21:25:14", 13.500, 1.440, 101510.000, 91.000, 170.567, 4.170, 4.840
"2013/09/23 21:40:12", 12.900, 1.440, 101500.000, 92.000, 171.567, 3.810, 4.270
"2013/09/23 21:55:10", 12.800, 1.440, 101480.000, 92.000, 172.567, 3.400, 3.550
"2013/09/23 22:10:08", 12.800, 1.440, 101490.000, 93.000, 181.567, 3.450, 3.810
"2013/09/23 22:25:06", 13.300, 1.440, 101490.000, 92.000, 194.567, 3.600, 4.120
"2013/09/23 22:40:04", 13.400, 1.440, 101490.000, 91.000, 173.567, 3.700, 3.910
"2013/09/23 22:55:02", 13.200, 1.440, 101500.000, 93.000, 180.567, 3.910, 4.370
"2013/09/23 23:10:00", 13.700, 1.440, 101480.000, 91.000, 216.567, 2.320, 3.190
"2013/09/23 23:24:58", 13.200, 1.440, 101480.000, 91.000, 164.567, 3.860, 4.480
"2013/09/23 23:39:56", 13.800, 1.440, 101470.000, 87.000, 182.567, 3.190, 3.700
"2013/09/23 23:54:54", 13.700, 1.440, 101460.000, 85.000, 186.567, 5.200, 5.920
"2013/09/24 00:09:52", 14.200, 1.440, 101450.000, 80.000, 177.567, 2.830, 3.500
"2013/09/24 00:24:50", 13.900, 1.440, 101450.000, 80.000, 173.567, 2.260, 2.620
"2013/09/24 00:39:48", 13.900, 1.440, 101450.000, 82.000, 175.567, 2.780, 3.090
"2013/09/24 00:54:46", 13.500, 1.440, 101450.000, 88.000, 190.567, 2.830, 3.040
"2013/09/24 01:09:44", 13.500, 1.440, 101430.000, 89.000, 181.567, 2.520, 2.680
"2013/09/24 01:24:42", 13.300, 1.440, 101430.000, 91.000, 157.567, 3.400, 4.320
"2013/09/24 01:39:40", 13.500, 1.440, 101410.000, 88.000, 162.567, 4.370, 4.840
"2013/09/24 01:54:38", 13.100, 1.440, 101410.000, 88.000, 196.567, 3.500, 3.810
"2013/09/24 02:09:36", 13.100, 1.440, 101400.000, 83.000, 172.567, 2.620, 2.830
"2013/09/24 02:24:34", 13.300, 1.440, 101410.000, 84.000, 179.567, 2.320, 2.620
"2013/09/24 02:39:32", 13.100, 1.440, 101400.000, 86.000, 158.567, 2.980, 3.290
"2013/09/24 02:48:02", 13.500, 1.440, 101380.000, 79.000, 139.567, 3.240, 3.600
"2013/09/24 03:03:00", 13.600, 1.440, 101380.000, 74.000, 154.567, 2.110, 2.320
"2013/09/24 03:17:58", 12.900, 1.440, 101380.000, 85.000, 163.567, 3.090, 3.650
"2013/09/24 03:32:56", 13.400, 1.440, 101370.000, 80.000, 135.567, 3.450, 3.860
"2013/09/24 03:41:26", 13.500, 1.440, 101370.000, 82.000, 109.567, 3.090, 3.400
"2013/09/24 03:56:24", 13.400, 1.440, 101360.000, 83.000, 123.567, 4.120, 4.580
"2013/09/24 04:11:22", 13.500, 1.440, 101330.000, 83.000, 132.567, 4.580, 4.940
"2013/09/24 04:26:20", 13.500, 1.440, 101320.000, 78.000, 109.567, 4.680, 5.200
"2013/09/24 04:41:18", 13.600, 1.440, 101310.000, 80.000, 121.567, 4.270, 4.780
"2013/09/24 04:56:16", 13.600, 1.440, 101300.000, 83.000, 134.567, 4.060, 4.630
"2013/09/24 05:11:15", 13.600, 1.440, 101300.000, 85.000, 160.567, 3.550, 4.420
"2013/09/24 05:26:13", 13.100, 1.440, 101300.000, 88.000, 173.567, 4.370, 4.990
"2013/09/24 05:41:11", 12.800, 1.440, 101280.000, 88.000, 158.567, 4.580, 5.140
"2013/09/24 05:56:09", 12.500, 1.440, 101280.000, 89.000, 163.567, 4.170, 4.630
"2013/09/24 06:11:07", 12.900, 1.440, 101310.000, 89.000, 133.567, 3.240, 3.600
"2013/09/24 06:26:05", 11.600, 1.440, 101340.000, 89.000, 323.567, 5.300, 6.170
"2013/09/24 06:41:03", 11.900, 8.637, 101320.000, 79.000, 56.567, 2.880, 3.340
"2013/09/24 06:56:01", 12.100, 11.516, 101300.000, 79.000, 74.567, 2.160, 2.470
"2013/09/24 07:10:59", 12.000, 15.835, 101320.000, 80.000, 140.567, 2.210, 2.570
"2013/09/24 07:19:29", 11.800, 23.032, 101310.000, 83.000, 141.567, 3.450, 3.860
"2013/09/24 07:34:27", 12.100, 46.064, 101310.000, 81.000, 144.567, 4.890, 5.450
"2013/09/24 07:49:25", 12.400, 64.778, 101320.000, 81.000, 117.567, 4.940, 5.560
"2013/09/24 08:04:23", 12.400, 54.701, 101310.000, 81.000, 111.567, 4.480, 4.840
"2013/09/24 08:19:21", 12.700, 63.338, 101310.000, 79.000, 135.567, 4.170, 4.530
"2013/09/24 08:34:19", 11.900, 233.199, 101320.000, 88.000, 158.567, 4.990, 5.860
"2013/09/24 08:49:17", 12.000, 342.601, 101320.000, 88.000, 146.567, 4.530, 5.140
"2013/09/24 09:04:15", 11.600, 361.315, 101310.000, 90.000, 156.567, 5.710, 6.330
"2013/09/24 09:19:13", 11.900, 426.092, 101310.000, 86.000, 150.567, 5.250, 5.920
"2013/09/24 09:34:11", 12.400, 512.462, 101310.000, 85.000, 135.567, 4.320, 4.730
"2013/09/24 09:49:10", 12.700, 483.672, 101300.000, 85.000, 143.567, 4.120, 4.680
"2013/09/24 10:04:07", 13.200, 493.749, 101280.000, 83.000, 143.567, 4.270, 4.780
"2013/09/24 10:19:05", 13.800, 387.226, 101270.000, 80.000, 128.567, 3.700, 4.480
"2013/09/24 10:34:03", 14.100, 487.991, 101260.000, 79.000, 148.567, 3.140, 3.600
"2013/09/24 10:49:01", 14.500, 241.836, 101250.000, 79.000, 139.567, 2.520, 3.500
"2013/09/24 11:03:59", 14.400, 375.710, 101230.000, 74.000, 196.567, 2.980, 3.860
"2013/09/24 11:18:57", 14.400, 378.589, 101230.000, 76.000, 200.567, 3.650, 4.480
"2013/09/24 11:33:55", 14.600, 660.731, 101210.000, 75.000, 214.567, 4.730, 6.120
"2013/09/24 11:48:53", 14.500, 511.023, 101200.000, 74.000, 211.567, 6.690, 7.820
"2013/09/24 12:03:51", 14.600, 447.685, 101180.000, 73.000, 211.567, 7.360, 8.390
"2013/09/24 12:18:49", 14.400, 344.041, 101170.000, 79.000, 224.567, 8.080, 9.570
"2013/09/24 12:33:47", 14.300, 227.441, 101170.000, 79.000, 236.567, 8.690, 9.570
"2013/09/24 12:48:45", 12.300, 44.625, 101190.000, 82.000, 316.567, 9.770, 10.600
"2013/09/24 13:03:43", 11.500, 35.988, 101240.000, 88.000, 309.567, 4.630, 5.610
"2013/09/24 13:18:41", 11.700, 475.035, 101220.000, 87.000, 344.567, 3.860, 4.370
"2013/09/24 13:33:39", 12.200, 593.074, 101200.000, 82.000, 3.567, 2.520, 2.980
"2013/09/24 13:48:37", 12.400, 290.779, 101180.000, 82.000, 290.567, 0.260, 0.570
"2013/09/24 14:03:35", 12.500, 289.340, 101160.000, 81.000, 316.567, 1.230, 1.590
"2013/09/24 14:12:05", 12.900, 436.169, 101160.000, 80.000, 287.567, 0.930, 1.390
"2013/09/24 14:27:03", 13.000, 263.429, 101150.000, 81.000, 214.567, 2.010, 2.370
"2013/09/24 14:42:01", 13.300, 348.359, 101150.000, 81.000, 195.567, 1.800, 2.210
"2013/09/24 14:56:59", 13.600, 247.594, 101130.000, 82.000, 202.567, 2.930, 3.500
"2013/09/24 15:11:57", 13.700, 175.619, 101120.000, 81.000, 225.567, 3.400, 3.810
"2013/09/24 15:26:55", 13.900, 174.180, 101120.000, 76.000, 230.567, 3.550, 4.220
"2013/09/24 15:41:53", 14.000, 171.301, 101120.000, 74.000, 243.567, 3.650, 4.530
"2013/09/24 15:56:51", 14.000, 136.753, 101110.000, 74.000, 257.567, 3.550, 3.910
"2013/09/24 16:11:49", 14.000, 106.523, 101120.000, 71.000, 261.567, 3.810, 4.270
"2013/09/24 16:26:47", 13.900, 80.612, 101120.000, 73.000, 255.567, 3.810, 4.680
"2013/09/24 16:41:45", 13.800, 50.383, 101110.000, 72.000, 263.567, 3.810, 5.250
"2013/09/24 16:56:43", 13.900, 28.790, 101110.000, 70.000, 261.567, 4.220, 4.580
"2013/09/24 17:11:42", 13.900, 20.153, 101080.000, 71.000, 248.567, 4.220, 4.840
"2013/09/24 17:26:39", 13.900, 17.274, 101070.000, 73.000, 249.567, 4.680, 5.040
"2013/09/24 17:41:38", 14.000, 8.637, 101060.000, 71.000, 253.567, 3.910, 4.780
"2013/09/24 17:56:35", 14.100, 2.879, 101060.000, 71.000, 283.567, 3.860, 4.270
"2013/09/24 18:11:34", 12.600, 1.440, 101070.000, 86.000, 7.567, 7.250, 8.280
"2013/09/24 18:26:32", 11.800, 1.440, 101100.000, 89.000, 357.567, 5.350, 6.070
"2013/09/24 18:41:30", 11.500, 1.440, 101090.000, 91.000, 38.567, 1.750, 2.110
"2013/09/24 18:56:28", 11.900, 1.440, 101080.000, 88.000, 55.567, 1.700, 2.110
"2013/09/24 19:11:26", 12.000, 1.440, 101080.000, 85.000, 353.567, 1.230, 1.650
"2013/09/24 19:19:56", 12.300, 1.440, 101090.000, 84.000, 333.567, 1.340, 2.010
"2013/09/24 19:34:54", 12.400, 1.440, 101110.000, 81.000, 237.567, 1.390, 1.850
"2013/09/24 19:49:52", 12.700, 1.440, 101120.000, 82.000, 222.567, 0.820, 1.130
"2013/09/24 20:04:50", 12.600, 1.440, 101110.000, 84.000, 191.567, 2.160, 2.620
"2013/09/24 20:19:48", 12.500, 1.440, 101110.000, 85.000, 167.567, 2.320, 2.830
"2013/09/24 20:34:46", 12.200, 1.440, 101110.000, 84.000, 175.567, 3.140, 3.500
"2013/09/24 20:49:44", 12.200, 1.440, 101110.000, 85.000, 175.567, 3.500, 3.910
"2013/09/24 21:04:42", 11.900, 1.440, 101110.000, 91.000, 162.567, 3.910, 4.320
"2013/09/24 21:19:40", 12.000, 1.440, 101120.000, 88.000, 168.567, 3.040, 3.340
"2013/09/24 21:34:38", 11.900, 1.440, 101110.000, 88.000, 187.567, 2.470, 2.780
"2013/09/24 21:49:36", 12.000, 1.440, 101110.000, 88.000, 176.567, 2.060, 2.260
"2013/09/24 22:04:34", 12.000, 1.440, 101110.000, 90.000, 181.567, 1.800, 2.320
"2013/09/24 22:19:32", 11.700, 1.440, 101120.000, 91.000, 201.567, 2.210, 2.520
"2013/09/24 22:34:30", 11.700, 1.440, 101110.000, 92.000, 207.567, 2.980, 4.170
"2013/09/24 22:49:28", 11.400, 1.440, 101110.000, 91.000, 233.567, 2.680, 3.090
"2013/09/24 23:04:26", 11.600, 1.440, 101090.000, 84.000, 233.567, 2.570, 3.140
"2013/09/24 23:19:24", 11.800, 1.440, 101080.000, 85.000, 235.567, 3.240, 3.810
"2013/09/24 23:34:22", 12.000, 1.440, 101090.000, 82.000, 239.567, 2.830, 3.140
"2013/09/24 23:49:20", 12.300, 1.440, 101090.000, 82.000, 233.567, 2.260, 3.040
"2013/09/25 00:04:18", 12.200, 1.440, 101100.000, 84.000, 201.567, 2.880, 3.340
"2013/09/25 00:19:16", 11.900, 1.440, 101090.000, 86.000, 201.567, 3.700, 4.060
"2013/09/25 00:34:14", 11.800, 1.440, 101090.000, 87.000, 190.567, 2.930, 3.290
"2013/09/25 00:49:12", 11.700, 1.440, 101110.000, 89.000, 218.567, 2.980, 3.550
"2013/09/25 01:04:10", 11.900, 1.440, 101120.000, 83.000, 343.567, 6.220, 7.000
"2013/09/25 01:19:08", 11.800, 1.440, 101120.000, 78.000, 326.567, 4.940, 6.020
"2013/09/25 01:34:06", 11.600, 1.440, 101130.000, 85.000, 355.567, 4.840, 5.810
"2013/09/25 01:49:04", 11.300, 1.440, 101140.000, 84.000, 3.567, 5.400, 5.710
"2013/09/25 02:04:02", 11.100, 1.440, 101130.000, 86.000, 7.567, 4.170, 4.840
"2013/09/25 02:19:00", 11.000, 1.440, 101130.000, 86.000, 17.567, 3.190, 3.550
"2013/09/25 02:33:58", 11.000, 1.440, 101120.000, 85.000, 39.567, 3.040, 3.450
"2013/09/25 02:48:56", 11.200, 1.440, 101120.000, 82.000, 46.567, 2.160, 3.090
"2013/09/25 03:03:54", 11.400, 1.440, 101130.000, 79.000, 52.567, 1.800, 2.110
"2013/09/25 03:18:52", 11.500, 1.440, 101120.000, 77.000, 102.567, 2.060, 2.370
"2013/09/25 03:33:50", 12.000, 1.440, 101120.000, 68.000, 93.567, 1.800, 2.210
"2013/09/25 03:48:48", 12.100, 1.440, 101130.000, 70.000, 9.567, 0.100, 0.460
"2013/09/25 04:03:46", 12.200, 1.440, 101140.000, 76.000, 73.567, 1.650, 2.260
"2013/09/25 04:18:44", 11.900, 1.440, 101160.000, 83.000, 173.567, 2.830, 3.140
"2013/09/25 04:33:42", 11.300, 1.440, 101170.000, 84.000, 190.567, 1.650, 2.110
"2013/09/25 04:48:41", 11.700, 1.440, 101180.000, 82.000, 333.567, 2.110, 2.730
"2013/09/25 05:03:38", 10.900, 1.440, 101190.000, 83.000, 47.567, 3.450, 3.960
"2013/09/25 05:18:37", 10.700, 1.440, 101180.000, 86.000, 63.567, 1.130, 1.540
"2013/09/25 05:27:07", 10.800, 1.440, 101180.000, 84.000, 51.567, 1.440, 1.850
"2013/09/25 05:35:37", 10.800, 1.440, 101190.000, 80.000, 64.567, 0.930, 1.290
"2013/09/25 05:50:35", 10.900, 1.440, 101190.000, 78.000, 66.567, 1.030, 1.180
"2013/09/25 06:05:33", 11.100, 1.440, 101210.000, 76.000, 106.567, 0.870, 1.230
"2013/09/25 06:20:31", 11.300, 11.516, 101210.000, 76.000, 44.567, 0.670, 0.930
"2013/09/25 06:35:29", 11.400, 25.911, 101230.000, 75.000, 41.567, 0.570, 0.930
"2013/09/25 06:50:27", 12.100, 57.580, 101230.000, 72.000, 16.567, 0.000, 0.000
"2013/09/25 06:58:57", 12.400, 76.294, 101240.000, 73.000, 225.567, 0.870, 1.490
"2013/09/25 07:13:55", 11.800, 105.084, 101250.000, 78.000, 223.567, 2.570, 3.040
"2013/09/25 07:28:53", 11.800, 136.753, 101260.000, 78.000, 219.567, 2.260, 2.680
"2013/09/25 07:43:51", 11.800, 165.543, 101270.000, 84.000, 198.567, 1.850, 2.260
"2013/09/25 07:58:49", 12.000, 200.091, 101300.000, 84.000, 207.567, 1.290, 1.900
"2013/09/25 08:13:47", 12.600, 260.550, 101310.000, 84.000, 124.567, 0.930, 1.340
"2013/09/25 08:28:45", 12.100, 224.562, 101320.000, 86.000, 95.567, 1.490, 1.650
"2013/09/25 08:43:43", 12.600, 318.130, 101330.000, 79.000, 337.567, 0.870, 1.540
"2013/09/25 08:58:41", 12.700, 356.996, 101350.000, 81.000, 58.567, 1.650, 1.950
"2013/09/25 09:13:39", 12.800, 395.863, 101340.000, 81.000, 87.567, 2.160, 2.520
"2013/09/25 09:28:37", 12.800, 423.213, 101350.000, 79.000, 88.567, 0.620, 1.180
"2013/09/25 09:43:35", 13.200, 447.685, 101360.000, 77.000, 22.567, 0.210, 0.670
"2013/09/25 09:58:33", 12.900, 477.914, 101380.000, 72.000, 348.567, 0.260, 0.980
"2013/09/25 10:13:31", 13.100, 463.519, 101390.000, 73.000, 71.567, 0.510, 0.770
"2013/09/25 10:28:29", 13.200, 436.169, 101400.000, 78.000, 119.567, 3.040, 3.860
"2013/09/25 10:43:27", 13.200, 620.425, 101420.000, 78.000, 112.567, 2.620, 2.980
"2013/09/25 10:58:25", 13.000, 559.966, 101420.000, 77.000, 109.567, 2.520, 3.290
"2013/09/25 11:13:23", 13.000, 166.982, 101420.000, 79.000, 127.567, 2.320, 2.880
"2013/09/25 11:28:21", 13.500, 646.336, 101420.000, 75.000, 129.567, 2.620, 3.450
"2013/09/25 11:43:19", 13.900, 226.002, 101430.000, 72.000, 145.567, 1.340, 1.950
"2013/09/25 11:51:49", 13.600, 156.906, 101450.000, 74.000, 146.567, 2.060, 2.260
"2013/09/25 12:06:47", 13.700, 631.941, 101450.000, 72.000, 161.567, 0.620, 1.080
"2013/09/25 12:21:45", 14.600, 616.106, 101460.000, 69.000, 147.567, 1.130, 1.490
"2013/09/25 12:36:43", 14.000, 204.409, 101460.000, 71.000, 108.567, 1.080, 1.230
"2013/09/25 12:45:13", 14.300, 693.839, 101470.000, 69.000, 108.567, 0.770, 1.230
"2013/09/25 13:00:11", 14.500, 336.843, 101480.000, 68.000, 16.567, 0.000, 0.000
"2013/09/25 13:15:09", 14.100, 207.288, 101490.000, 72.000, 255.567, 0.770, 1.230
"2013/09/25 13:30:07", 14.700, 342.601, 101500.000, 70.000, 244.567, 0.150, 0.570
"2013/09/25 13:45:05", 14.300, 130.994, 101500.000, 73.000, 329.567, 3.810, 4.480
"2013/09/25 14:00:03", 14.200, 100.765, 101500.000, 72.000, 327.567, 3.290, 3.860
"2013/09/25 14:15:01", 14.200, 136.753, 101510.000, 71.000, 324.567, 3.090, 3.450
"2013/09/25 14:29:59", 14.300, 179.938, 101520.000, 72.000, 324.567, 3.450, 3.760
"2013/09/25 14:44:57", 14.600, 138.192, 101530.000, 70.000, 323.567, 4.120, 5.450
"2013/09/25 14:59:55", 14.600, 467.838, 101520.000, 68.000, 315.567, 5.300, 5.920
"2013/09/25 15:14:53", 14.800, 493.749, 101530.000, 65.000, 316.567, 6.120, 6.790
"2013/09/25 15:29:51", 14.700, 404.500, 101530.000, 65.000, 321.567, 5.660, 6.580
"2013/09/25 15:38:21", 14.800, 369.952, 101540.000, 67.000, 325.567, 4.940, 5.500
"2013/09/25 15:53:19", 14.700, 338.283, 101550.000, 65.000, 333.567, 5.450, 6.020
"2013/09/25 16:08:17", 14.800, 292.219, 101560.000, 66.000, 330.567, 5.610, 6.170
"2013/09/25 16:23:15", 14.700, 246.155, 101560.000, 65.000, 325.567, 4.840, 5.400
"2013/09/25 16:38:13", 14.800, 205.849, 101560.000, 68.000, 320.567, 4.010, 4.580
"2013/09/25 16:53:11", 14.700, 165.543, 101570.000, 68.000, 323.567, 5.200, 5.660
"2013/09/25 17:08:09", 14.700, 128.116, 101570.000, 68.000, 318.567, 5.040, 5.920
"2013/09/25 17:23:08", 14.600, 83.491, 101580.000, 69.000, 325.567, 4.630, 5.450
"2013/09/25 17:38:06", 14.600, 47.504, 101600.000, 70.000, 329.567, 4.580, 5.140
"2013/09/25 17:53:04", 14.500, 17.274, 101600.000, 71.000, 336.567, 4.730, 5.400
"2013/09/25 18:08:02", 14.200, 1.440, 101610.000, 73.000, 346.567, 5.710, 6.220
"2013/09/25 18:23:00", 14.200, 1.440, 101620.000, 75.000, 356.567, 5.250, 6.070
"2013/09/25 18:37:58", 14.100, 1.440, 101630.000, 74.000, 350.567, 4.480, 5.250
"2013/09/25 18:52:56", 14.100, 1.440, 101650.000, 76.000, 6.567, 4.320, 4.730
"2013/09/25 19:07:54", 13.900, 1.440, 101660.000, 77.000, 19.567, 3.760, 4.420
"2013/09/25 19:22:52", 13.700, 1.440, 101650.000, 78.000, 13.567, 3.090, 3.550
"2013/09/25 19:37:50", 13.600, 1.440, 101660.000, 77.000, 10.567, 3.450, 3.760
"2013/09/25 19:52:48", 13.600, 1.440, 101670.000, 78.000, 8.567, 3.810, 4.120
"2013/09/25 20:07:46", 13.400, 1.440, 101680.000, 80.000, 14.567, 3.400, 3.700
"2013/09/25 20:22:44", 13.400, 1.440, 101690.000, 79.000, 2.567, 4.010, 4.530
"2013/09/25 20:37:42", 13.200, 1.440, 101700.000, 81.000, 2.567, 4.060, 4.840
"2013/09/25 20:52:40", 13.400, 1.440, 101700.000, 81.000, 9.567, 3.090, 3.500
"2013/09/25 21:07:38", 13.300, 1.440, 101710.000, 82.000, 1.567, 3.040, 3.500
"2013/09/25 21:22:36", 13.200, 1.440, 101710.000, 82.000, 339.567, 2.730, 3.140
"2013/09/25 21:37:34", 13.300, 1.440, 101710.000, 83.000, 344.567, 2.210, 2.780
"2013/09/25 21:52:32", 13.500, 1.440, 101710.000, 84.000, 333.567, 2.110, 2.620
"2013/09/25 22:07:30", 13.600, 1.440, 101710.000, 80.000, 339.567, 1.850, 2.110
"2013/09/25 22:22:28", 13.700, 1.440, 101710.000, 84.000, 13.567, 1.540, 1.850
"2013/09/25 22:37:26", 13.500, 1.440, 101700.000, 84.000, 17.567, 0.930, 1.390
"2013/09/25 22:52:24", 13.500, 1.440, 101710.000, 84.000, 69.567, 0.670, 0.820
"2013/09/25 23:07:22", 12.600, 1.440, 101720.000, 88.000, 172.567, 2.370, 2.570
"2013/09/25 23:15:52", 12.400, 1.440, 101720.000, 89.000, 178.567, 2.260, 2.680
"2013/09/25 23:30:50", 12.200, 1.440, 101720.000, 90.000, 159.567, 2.730, 3.090
"2013/09/25 23:45:48", 11.700, 1.440, 101720.000, 92.000, 161.567, 3.190, 3.550
"2013/09/26 00:00:46", 11.400, 1.440, 101720.000, 92.000, 155.567, 3.400, 3.760
"2013/09/26 00:15:44", 11.200, 1.440, 101720.000, 92.000, 159.567, 3.960, 4.220
"2013/09/26 00:30:42", 11.200, 1.440, 101730.000, 93.000, 159.567, 3.500, 3.700
"2013/09/26 00:45:40", 11.100, 1.440, 101730.000, 93.000, 162.567, 2.930, 3.190
"2013/09/26 01:00:38", 11.200, 1.440, 101720.000, 92.000, 164.567, 3.500, 3.810
"2013/09/26 01:15:36", 11.300, 1.440, 101720.000, 92.000, 165.567, 3.550, 3.810
"2013/09/26 01:30:34", 11.200, 1.440, 101720.000, 92.000, 162.567, 3.190, 3.400
"2013/09/26 01:45:32", 11.000, 1.440, 101720.000, 93.000, 163.567, 3.400, 3.550
"2013/09/26 02:00:30", 10.900, 1.440, 101720.000, 93.000, 166.567, 3.500, 3.700
"2013/09/26 02:15:28", 11.100, 1.440, 101720.000, 93.000, 160.567, 3.290, 3.810
"2013/09/26 02:30:26", 11.100, 1.440, 101730.000, 93.000, 163.567, 3.090, 3.650
"2013/09/26 02:45:24", 11.300, 1.440, 101730.000, 93.000, 165.567, 2.730, 3.140
"2013/09/26 03:00:22", 11.100, 1.440, 101750.000, 93.000, 177.567, 2.160, 2.570
"2013/09/26 03:15:20", 11.200, 1.440, 101750.000, 92.000, 171.567, 2.010, 2.320
"2013/09/26 03:30:18", 11.300, 1.440, 101750.000, 92.000, 161.567, 2.470, 2.780
"2013/09/26 03:45:16", 11.200, 1.440, 101730.000, 93.000, 158.567, 2.780, 3.090
"2013/09/26 03:53:46", 11.100, 1.440, 101730.000, 93.000, 161.567, 3.040, 3.240
"2013/09/26 04:08:44", 10.900, 1.440, 101750.000, 93.000, 168.567, 3.090, 3.450
"2013/09/26 04:23:42", 11.000, 1.440, 101740.000, 94.000, 165.567, 2.780, 3.140
"2013/09/26 04:38:41", 11.200, 1.440, 101730.000, 94.000, 162.567, 2.470, 2.930
"2013/09/26 04:53:39", 11.400, 1.440, 101750.000, 94.000, 147.567, 3.400, 3.810
"2013/09/26 05:08:37", 11.700, 1.440, 101760.000, 93.000, 149.567, 4.120, 4.630
"2013/09/26 05:23:35", 11.800, 1.440, 101760.000, 93.000, 146.567, 3.860, 4.270
"2013/09/26 05:38:33", 12.000, 1.440, 101760.000, 91.000, 161.567, 3.700, 4.060
"2013/09/26 05:53:31", 11.900, 1.440, 101760.000, 92.000, 159.567, 3.500, 3.700
"2013/09/26 06:08:29", 11.900, 1.440, 101770.000, 91.000, 151.567, 2.880, 3.400
"2013/09/26 06:23:27", 12.000, 10.077, 101800.000, 91.000, 146.567, 3.190, 3.500
"2013/09/26 06:38:25", 12.100, 25.911, 101800.000, 91.000, 147.567, 3.090, 3.500
"2013/09/26 06:53:23", 11.900, 44.625, 101800.000, 90.000, 148.567, 3.140, 3.500
"2013/09/26 07:08:21", 12.200, 77.733, 101810.000, 90.000, 143.567, 3.600, 4.170
"2013/09/26 07:23:19", 12.500, 113.721, 101820.000, 89.000, 141.567, 3.500, 4.010
"2013/09/26 07:38:17", 13.100, 76.294, 101830.000, 87.000, 155.567, 2.980, 3.500
"2013/09/26 07:53:15", 13.100, 182.817, 101850.000, 86.000, 162.567, 2.730, 2.930
"2013/09/26 08:01:45", 13.100, 207.288, 101860.000, 86.000, 157.567, 2.420, 3.290
"2013/09/26 08:16:43", 13.100, 246.155, 101870.000, 86.000, 142.567, 3.190, 3.650
"2013/09/26 08:31:41", 13.300, 285.021, 101880.000, 85.000, 145.567, 2.980, 3.500
"2013/09/26 08:46:39", 13.400, 323.888, 101890.000, 85.000, 158.567, 2.830, 3.500
"2013/09/26 09:01:37", 13.500, 352.678, 101890.000, 84.000, 150.567, 2.570, 3.040
"2013/09/26 09:16:35", 13.800, 385.786, 101900.000, 83.000, 140.567, 2.420, 2.730
"2013/09/26 09:31:33", 14.000, 89.249, 101900.000, 82.000, 127.567, 2.420, 2.570
"2013/09/26 09:46:31", 13.900, 136.753, 101910.000, 85.000, 125.567, 2.320, 2.470
"2013/09/26 10:01:29", 14.100, 89.249, 101910.000, 85.000, 117.567, 1.850, 2.110
"2013/09/26 10:16:27", 14.300, 215.925, 101920.000, 84.000, 91.567, 1.080, 1.490
"2013/09/26 10:31:25", 14.700, 335.404, 101930.000, 84.000, 312.567, 0.510, 1.230
"2013/09/26 10:46:23", 14.800, 578.679, 101930.000, 80.000, 218.567, 3.500, 4.370
"2013/09/26 11:01:21", 14.900, 571.482, 101930.000, 81.000, 238.567, 4.580, 5.200
"2013/09/26 11:16:19", 14.800, 581.558, 101930.000, 81.000, 244.567, 4.680, 5.450
"2013/09/26 11:31:17", 14.900, 585.877, 101950.000, 80.000, 239.567, 4.840, 5.350
"2013/09/26 11:46:15", 15.000, 591.635, 101950.000, 80.000, 239.567, 5.040, 5.560
"2013/09/26 12:01:13", 15.100, 597.393, 101930.000, 79.000, 245.567, 5.400, 5.810
"2013/09/26 12:16:11", 15.100, 598.832, 101950.000, 80.000, 246.567, 4.630, 5.450
"2013/09/26 12:31:09", 15.300, 598.832, 101950.000, 76.000, 234.567, 4.580, 5.560
"2013/09/26 12:46:07", 15.300, 598.832, 101960.000, 79.000, 246.567, 5.560, 6.530
"2013/09/26 12:54:37", 15.300, 597.393, 101960.000, 80.000, 246.567, 5.970, 6.740
"2013/09/26 13:09:35", 15.400, 587.316, 101960.000, 79.000, 250.567, 4.990, 5.710
"2013/09/26 13:18:05", 15.300, 577.240, 101960.000, 78.000, 243.567, 4.530, 5.300
"2013/09/26 13:33:03", 15.400, 578.679, 101950.000, 79.000, 243.567, 4.580, 5.500
"2013/09/26 13:48:01", 15.600, 547.010, 101950.000, 76.000, 250.567, 4.010, 4.890
"2013/09/26 14:02:59", 15.600, 532.615, 101950.000, 74.000, 258.567, 3.760, 4.270
"2013/09/26 14:17:57", 15.800, 505.265, 101950.000, 72.000, 245.567, 3.290, 3.550
"2013/09/26 14:32:55", 15.900, 479.354, 101950.000, 71.000, 261.567, 2.780, 3.240
"2013/09/26 14:47:53", 16.100, 450.564, 101950.000, 69.000, 263.567, 2.260, 2.680
"2013/09/26 15:02:51", 16.100, 428.971, 101960.000, 68.000, 273.567, 3.450, 4.120
"2013/09/26 15:17:49", 16.000, 394.423, 101960.000, 69.000, 254.567, 3.700, 4.060
"2013/09/26 15:32:47", 16.100, 361.315, 101960.000, 68.000, 256.567, 3.650, 4.630
"2013/09/26 15:47:45", 16.100, 323.888, 101960.000, 66.000, 271.567, 4.530, 5.300
"2013/09/26 16:02:43", 16.100, 287.900, 101960.000, 66.000, 273.567, 4.370, 5.500
"2013/09/26 16:17:42", 16.100, 247.594, 101960.000, 66.000, 264.567, 4.170, 4.840
"2013/09/26 16:26:11", 16.100, 228.881, 101960.000, 67.000, 272.567, 3.190, 3.700
"2013/09/26 16:41:09", 16.100, 185.696, 101970.000, 65.000, 275.567, 3.760, 4.630
"2013/09/26 16:56:07", 16.100, 142.511, 101970.000, 66.000, 274.567, 3.960, 4.420
"2013/09/26 17:11:06", 16.000, 106.523, 101980.000, 68.000, 282.567, 3.550, 4.270
"2013/09/26 17:26:04", 15.700, 37.427, 101980.000, 68.000, 271.567, 3.810, 4.480
"2013/09/26 17:41:02", 15.700, 30.230, 101980.000, 69.000, 278.567, 3.290, 3.600
"2013/09/26 17:56:00", 15.500, 7.198, 101980.000, 69.000, 268.567, 3.340, 3.760
"2013/09/26 18:10:58", 15.600, 1.440, 102000.000, 70.000, 260.567, 3.400, 4.170
"2013/09/26 18:25:56", 15.600, 1.440, 102000.000, 71.000, 256.567, 3.090, 3.650
"2013/09/26 18:40:54", 15.200, 1.440, 102020.000, 74.000, 226.567, 2.680, 3.090
"2013/09/26 18:55:52", 15.100, 1.440, 102030.000, 75.000, 242.567, 2.210, 2.420
"2013/09/26 19:10:50", 15.300, 1.440, 102040.000, 75.000, 250.567, 2.620, 2.980
"2013/09/26 19:25:48", 15.400, 1.440, 102050.000, 74.000, 239.567, 2.420, 3.040
"2013/09/26 19:40:46", 15.200, 1.440, 102060.000, 77.000, 241.567, 2.260, 2.520
"2013/09/26 19:55:44", 15.100, 1.440, 102060.000, 76.000, 234.567, 2.520, 2.880
"2013/09/26 20:10:42", 15.100, 1.440, 102070.000, 75.000, 237.567, 2.520, 2.930
"2013/09/26 20:25:40", 15.100, 1.440, 102070.000, 76.000, 233.567, 2.680, 3.400
"2013/09/26 20:40:38", 14.900, 1.440, 102090.000, 78.000, 231.567, 2.680, 3.040
"2013/09/26 20:55:36", 14.900, 1.440, 102100.000, 79.000, 229.567, 2.930, 3.450
"2013/09/26 21:10:34", 14.800, 1.440, 102100.000, 78.000, 227.567, 2.420, 2.680
"2013/09/26 21:25:32", 14.000, 1.440, 102100.000, 83.000, 169.567, 2.880, 3.140
"2013/09/26 21:40:30", 13.400, 1.440, 102100.000, 86.000, 173.567, 3.550, 3.810
"2013/09/26 21:55:28", 13.200, 1.440, 102090.000, 87.000, 175.567, 3.810, 4.060
"2013/09/26 22:10:26", 13.000, 1.440, 102080.000, 88.000, 175.567, 4.220, 4.680
"2013/09/26 22:25:24", 12.700, 1.440, 102080.000, 88.000, 169.567, 4.420, 4.630
"2013/09/26 22:40:22", 12.500, 1.440, 102080.000, 88.000, 177.567, 3.600, 4.170
"2013/09/26 22:55:20", 12.700, 1.440, 102070.000, 87.000, 179.567, 4.220, 4.580
"2013/09/26 23:10:18", 12.700, 1.440, 102070.000, 87.000, 180.567, 4.320, 4.630
"2013/09/26 23:25:16", 12.600, 1.440, 102060.000, 88.000, 164.567, 3.500, 3.810
"2013/09/26 23:40:14", 12.300, 1.440, 102060.000, 89.000, 170.567, 3.700, 4.010
"2013/09/26 23:55:12", 12.700, 1.440, 102050.000, 89.000, 180.567, 3.650, 3.960
"2013/09/27 00:10:10", 12.900, 1.440, 102050.000, 89.000, 178.567, 3.910, 4.320
"2013/09/27 00:25:08", 12.900, 1.440, 102030.000, 89.000, 178.567, 4.270, 4.530
"2013/09/27 00:40:06", 12.900, 1.440, 102030.000, 90.000, 186.567, 4.320, 4.530
"2013/09/27 00:55:04", 13.200, 1.440, 102020.000, 89.000, 185.567, 4.320, 4.730
"2013/09/27 01:10:02", 13.300, 1.440, 102010.000, 88.000, 184.567, 4.010, 4.580
"2013/09/27 01:25:00", 13.500, 1.440, 102010.000, 89.000, 194.567, 4.580, 5.300
"2013/09/27 01:39:58", 14.000, 1.440, 102010.000, 88.000, 209.567, 4.580, 5.560
"2013/09/27 01:54:56", 14.100, 1.440, 101990.000, 87.000, 206.567, 5.450, 6.430
"2013/09/27 02:09:54", 14.200, 1.440, 101970.000, 87.000, 200.567, 4.990, 5.810
"2013/09/27 02:24:52", 14.200, 1.440, 101960.000, 87.000, 210.567, 5.920, 6.580
"2013/09/27 02:33:22", 14.300, 1.440, 101950.000, 87.000, 206.567, 5.760, 6.530
"2013/09/27 02:48:20", 14.200, 1.440, 101920.000, 87.000, 198.567, 5.560, 6.640
"2013/09/27 03:03:18", 14.200, 1.440, 101910.000, 87.000, 201.567, 5.610, 6.380
"2013/09/27 03:18:16", 14.100, 1.440, 101890.000, 87.000, 197.567, 4.780, 5.610
"2013/09/27 03:33:14", 14.200, 1.440, 101870.000, 87.000, 204.567, 5.710, 6.480
"2013/09/27 03:41:44", 14.200, 1.440, 101860.000, 87.000, 196.567, 6.330, 7.310
"2013/09/27 03:56:42", 14.200, 1.440, 101850.000, 86.000, 198.567, 6.530, 7.510
"2013/09/27 04:11:40", 14.200, 1.440, 101830.000, 86.000, 196.567, 6.330, 7.200
"2013/09/27 04:26:38", 14.200, 1.440, 101800.000, 86.000, 193.567, 5.610, 6.480
"2013/09/27 04:41:36", 14.100, 1.440, 101800.000, 86.000, 197.567, 5.560, 6.380
"2013/09/27 04:56:35", 14.300, 1.440, 101820.000, 86.000, 203.567, 5.450, 7.410
"2013/09/27 05:11:33", 14.200, 1.440, 101800.000, 85.000, 190.567, 4.680, 5.560
"2013/09/27 05:20:03", 14.200, 1.440, 101790.000, 86.000, 196.567, 5.710, 6.640
"2013/09/27 05:35:01", 14.200, 1.440, 101790.000, 87.000, 195.567, 5.090, 6.580
"2013/09/27 05:49:59", 14.300, 1.440, 101800.000, 86.000, 201.567, 7.460, 8.440
"2013/09/27 06:04:57", 14.200, 1.440, 101770.000, 86.000, 195.567, 7.000, 7.920
"2013/09/27 06:19:55", 14.200, 1.440, 101760.000, 87.000, 195.567, 7.360, 8.640
"2013/09/27 06:28:25", 14.200, 1.440, 101760.000, 86.000, 199.567, 7.460, 9.210
"2013/09/27 06:43:23", 14.000, 4.319, 101770.000, 88.000, 201.567, 7.250, 8.850
"2013/09/27 06:58:21", 13.700, 5.758, 101780.000, 90.000, 205.567, 7.970, 8.950
"2013/09/27 07:13:19", 13.600, 21.593, 101750.000, 90.000, 198.567, 5.810, 7.460
"2013/09/27 07:28:17", 13.600, 30.230, 101720.000, 92.000, 202.567, 9.980, 11.630
"2013/09/27 07:43:15", 13.500, 4.319, 101690.000, 91.000, 194.567, 7.610, 8.440
"2013/09/27 07:58:13", 13.500, 10.077, 101660.000, 92.000, 201.567, 8.590, 9.930
"2013/09/27 08:13:11", 13.500, 10.077, 101620.000, 93.000, 202.567, 10.290, 13.170
"2013/09/27 08:28:09", 13.300, 24.472, 101620.000, 92.000, 213.567, 8.440, 9.570
"2013/09/27 08:43:07", 13.300, 47.504, 101580.000, 92.000, 211.567, 10.700, 12.710
"2013/09/27 08:58:05", 13.400, 83.491, 101560.000, 92.000, 207.567, 11.420, 15.540
"2013/09/27 09:13:03", 13.400, 86.370, 101530.000, 91.000, 207.567, 13.380, 16.150
"2013/09/27 09:28:01", 13.300, 99.326, 101510.000, 91.000, 207.567, 14.560, 16.460
"2013/09/27 09:42:59", 13.400, 60.459, 101510.000, 92.000, 214.567, 14.400, 17.340
"2013/09/27 09:57:57", 13.500, 84.931, 101510.000, 95.000, 207.567, 11.370, 13.380
"2013/09/27 10:12:55", 13.600, 67.657, 101500.000, 95.000, 209.567, 12.500, 14.710
"2013/09/27 10:27:53", 13.500, 56.141, 101500.000, 97.000, 204.567, 11.830, 14.760
"2013/09/27 10:42:51", 13.400, 119.479, 101490.000, 98.000, 205.567, 12.960, 15.380
"2013/09/27 10:57:49", 13.300, 92.128, 101490.000, 98.000, 207.567, 12.910, 16.360
"2013/09/27 11:12:47", 13.400, 92.128, 101490.000, 99.000, 202.567, 11.420, 13.430
"2013/09/27 11:27:45", 13.200, 76.294, 101490.000, 99.000, 206.567, 13.220, 17.590
"2013/09/27 11:42:43", 13.500, 61.899, 101490.000, 99.000, 217.567, 10.910, 12.550
"2013/09/27 11:57:41", 13.600, 84.931, 101480.000, 99.000, 217.567, 11.830, 14.200
"2013/09/27 12:12:39", 13.800, 82.052, 101460.000, 100.000, 213.567, 12.040, 14.560
"2013/09/27 12:27:37", 13.900, 46.064, 101460.000, 100.000, 211.567, 13.790, 15.950
"2013/09/27 12:42:35", 14.100, 47.504, 101460.000, 100.000, 211.567, 13.380, 16.050
"2013/09/27 12:57:33", 14.500, 51.822, 101480.000, 100.000, 229.567, 7.150, 8.440
"2013/09/27 13:12:31", 14.500, 48.943, 101480.000, 100.000, 235.567, 4.630, 5.450
"2013/09/27 13:27:29", 14.100, 99.326, 101470.000, 100.000, 275.567, 4.270, 4.730
"2013/09/27 13:42:27", 14.200, 99.326, 101470.000, 100.000, 271.567, 2.980, 3.290
"2013/09/27 13:57:25", 14.200, 82.052, 101480.000, 100.000, 273.567, 2.880, 3.400
"2013/09/27 14:12:23", 14.500, 113.721, 101480.000, 100.000, 262.567, 3.090, 3.700
"2013/09/27 14:27:21", 14.500, 141.071, 101480.000, 100.000, 241.567, 4.170, 4.680
"2013/09/27 14:42:19", 14.500, 109.402, 101470.000, 100.000, 235.567, 3.600, 4.170
"2013/09/27 14:57:17", 14.500, 89.249, 101460.000, 100.000, 250.567, 3.650, 4.320
"2013/09/27 15:12:16", 14.600, 110.842, 101460.000, 100.000, 227.567, 3.500, 4.370
"2013/09/27 15:20:45", 14.600, 107.963, 101450.000, 100.000, 225.567, 3.090, 3.340
"2013/09/27 15:35:43", 14.500, 53.262, 101450.000, 100.000, 224.567, 3.140, 3.650
"2013/09/27 15:50:41", 14.700, 37.427, 101450.000, 98.000, 227.567, 3.810, 4.530
"2013/09/27 16:05:39", 14.700, 60.459, 101450.000, 95.000, 229.567, 4.630, 5.500
"2013/09/27 16:20:38", 14.700, 54.701, 101450.000, 93.000, 226.567, 3.600, 4.010
"2013/09/27 16:35:36", 14.700, 38.867, 101430.000, 94.000, 212.567, 3.500, 3.910
"2013/09/27 16:50:34", 14.600, 11.516, 101450.000, 94.000, 225.567, 4.890, 5.090
"2013/09/27 17:05:32", 14.600, 11.516, 101420.000, 94.000, 215.567, 3.910, 4.420
"2013/09/27 17:20:30", 14.500, 5.758, 101420.000, 94.000, 214.567, 4.010, 4.680
"2013/09/27 17:35:28", 14.500, 5.758, 101410.000, 95.000, 218.567, 4.580, 5.200
"2013/09/27 17:50:26", 14.500, 1.440, 101380.000, 95.000, 205.567, 3.810, 4.580
"2013/09/27 18:05:24", 14.300, 1.440, 101370.000, 95.000, 216.567, 3.700, 4.120
"2013/09/27 18:20:22", 14.200, 1.440, 101360.000, 95.000, 207.567, 4.580, 4.990
"2013/09/27 18:35:20", 14.200, 1.440, 101320.000, 95.000, 203.567, 4.120, 4.480
"2013/09/27 18:50:18", 14.200, 1.440, 101310.000, 95.000, 202.567, 4.420, 5.090
"2013/09/27 19:05:16", 14.300, 1.440, 101320.000, 94.000, 206.567, 4.780, 5.250
"2013/09/27 19:20:14", 14.200, 1.440, 101310.000, 94.000, 201.567, 4.990, 5.610
"2013/09/27 19:35:12", 14.300, 1.440, 101280.000, 96.000, 203.567, 5.200, 6.120
"2013/09/27 19:50:10", 14.400, 1.440, 101280.000, 96.000, 200.567, 3.910, 4.370
"2013/09/27 20:05:08", 14.500, 1.440, 101270.000, 96.000, 203.567, 4.320, 4.730
"2013/09/27 20:20:06", 14.600, 1.440, 101240.000, 96.000, 198.567, 4.060, 4.480
"2013/09/27 20:35:04", 14.600, 1.440, 101230.000, 96.000, 205.567, 3.700, 4.270
"2013/09/27 20:50:02", 14.600, 1.440, 101230.000, 97.000, 211.567, 4.220, 4.730
"2013/09/27 21:05:00", 14.500, 1.440, 101230.000, 97.000, 218.567, 5.200, 6.220
"2013/09/27 21:19:58", 14.400, 1.440, 101200.000, 96.000, 232.567, 5.250, 6.170
"2013/09/27 21:34:56", 14.700, 1.440, 101170.000, 93.000, 257.567, 3.810, 4.270
"2013/09/27 21:49:54", 14.800, 1.440, 101170.000, 94.000, 241.567, 3.140, 3.600
"2013/09/27 22:04:52", 14.700, 1.440, 101150.000, 96.000, 223.567, 3.040, 3.600
"2013/09/27 22:19:50", 14.700, 1.440, 101120.000, 96.000, 223.567, 2.880, 3.340
"2013/09/27 22:34:48", 14.600, 1.440, 101080.000, 96.000, 219.567, 2.730, 3.140
"2013/09/27 22:49:46", 14.700, 1.440, 101070.000, 95.000, 233.567, 2.830, 3.500
"2013/09/27 23:04:44", 14.800, 1.440, 101050.000, 97.000, 223.567, 2.570, 2.980
"2013/09/27 23:19:42", 14.900, 1.440, 101030.000, 95.000, 231.567, 5.560, 6.280
"2013/09/27 23:34:40", 14.700, 1.440, 101010.000, 96.000, 235.567, 6.220, 7.200
"2013/09/27 23:49:38", 14.600, 1.440, 101000.000, 94.000, 248.567, 7.410, 8.540
"2013/09/28 00:04:36", 14.100, 1.440, 100960.000, 96.000, 293.567, 3.240, 4.060
"2013/09/28 00:19:34", 14.100, 1.440, 100940.000, 98.000, 267.567, 2.680, 3.140
"2013/09/28 00:34:32", 14.300, 1.440, 100930.000, 97.000, 257.567, 3.450, 4.010
"2013/09/28 00:49:30", 14.400, 1.440, 100910.000, 96.000, 259.567, 4.320, 4.680
"2013/09/28 01:04:28", 14.400, 1.440, 100890.000, 98.000, 260.567, 3.040, 3.650
"2013/09/28 01:19:26", 14.200, 1.440, 100860.000, 98.000, 273.567, 2.060, 2.570
"2013/09/28 01:34:24", 13.900, 1.440, 100820.000, 97.000, 87.567, 0.670, 0.980
"2013/09/28 01:49:22", 14.000, 1.440, 100770.000, 98.000, 173.567, 0.460, 0.820
"2013/09/28 02:04:20", 14.000, 1.440, 100730.000, 97.000, 151.567, 1.490, 1.750
"2013/09/28 02:19:18", 14.100, 1.440, 100680.000, 97.000, 145.567, 2.010, 2.160
"2013/09/28 02:34:16", 14.100, 1.440, 100630.000, 98.000, 144.567, 3.040, 3.450
"2013/09/28 02:49:14", 14.200, 1.440, 100620.000, 98.000, 141.567, 3.290, 3.650
"2013/09/28 03:04:12", 14.300, 1.440, 100600.000, 98.000, 142.567, 4.010, 4.420
"2013/09/28 03:19:10", 14.600, 1.440, 100520.000, 99.000, 116.567, 7.150, 8.490
"2013/09/28 03:27:40", 14.400, 1.440, 100550.000, 99.000, 130.567, 4.890, 5.710
"2013/09/28 03:42:38", 16.000, 1.440, 100490.000, 98.000, 226.567, 10.550, 12.550
"2013/09/28 03:57:36", 16.100, 1.440, 100450.000, 96.000, 216.567, 12.040, 13.840
"2013/09/28 04:12:34", 16.200, 1.440, 100420.000, 95.000, 216.567, 11.320, 12.600
"2013/09/28 04:27:32", 16.100, 1.440, 100400.000, 97.000, 216.567, 10.650, 12.660
"2013/09/28 04:42:30", 16.000, 1.440, 100390.000, 96.000, 218.567, 10.340, 12.860
"2013/09/28 04:57:29", 15.900, 1.440, 100370.000, 97.000, 225.567, 10.030, 11.990
"2013/09/28 05:12:27", 15.800, 1.440, 100350.000, 98.000, 232.567, 8.540, 10.290
"2013/09/28 05:27:25", 15.900, 1.440, 100320.000, 98.000, 220.567, 9.210, 10.650
"2013/09/28 05:42:23", 16.000, 1.440, 100290.000, 98.000, 217.567, 9.470, 12.190
"2013/09/28 05:57:21", 16.100, 1.440, 100260.000, 97.000, 215.567, 10.800, 12.960
"2013/09/28 06:05:51", 16.000, 1.440, 100250.000, 98.000, 221.567, 10.910, 12.350
"2013/09/28 06:20:49", 16.200, 1.440, 100230.000, 96.000, 219.567, 13.840, 17.850
"2013/09/28 06:35:47", 16.400, 1.440, 100230.000, 95.000, 226.567, 10.800, 13.840
"2013/09/28 06:50:45", 14.400, 2.879, 100240.000, 99.000, 238.567, 12.140, 14.460
"2013/09/28 07:05:43", 14.300, 1.440, 100200.000, 100.000, 238.567, 10.850, 12.500
"2013/09/28 07:14:13", 14.400, 1.440, 100190.000, 100.000, 235.567, 10.440, 12.400
"2013/09/28 07:22:43", 14.600, 1.440, 100210.000, 100.000, 230.567, 9.050, 11.320
"2013/09/28 07:37:41", 14.900, 5.758, 100170.000, 100.000, 241.567, 10.290, 11.990
"2013/09/28 07:52:39", 15.300, 8.637, 100180.000, 100.000, 240.567, 8.390, 10.290
"2013/09/28 08:07:37", 15.800, 27.351, 100120.000, 100.000, 213.567, 11.730, 13.320
"2013/09/28 08:22:35", 15.800, 40.306, 100080.000, 100.000, 207.567, 12.600, 15.640
"2013/09/28 08:37:33", 15.700, 41.746, 100070.000, 100.000, 206.567, 13.320, 15.380
"2013/09/28 08:52:31", 15.700, 50.383, 100050.000, 100.000, 205.567, 12.240, 13.890
"2013/09/28 09:07:29", 15.600, 54.701, 100030.000, 100.000, 202.567, 14.100, 16.050
"2013/09/28 09:22:27", 15.700, 47.504, 100000.000, 100.000, 202.567, 15.070, 20.010
"2013/09/28 09:37:25", 15.600, 21.593, 100000.000, 100.000, 210.567, 16.050, 19.190
"2013/09/28 09:52:23", 15.600, 63.338, 100000.000, 100.000, 206.567, 15.790, 17.700
"2013/09/28 10:07:21", 15.600, 33.109, 100010.000, 100.000, 204.567, 14.350, 17.490
"2013/09/28 10:22:19", 15.600, 66.217, 100000.000, 100.000, 205.567, 16.360, 19.750
"2013/09/28 10:37:17", 15.600, 54.701, 100000.000, 100.000, 199.567, 14.760, 17.540
"2013/09/28 10:52:15", 15.700, 93.568, 99980.000, 100.000, 196.567, 13.890, 17.750
"2013/09/28 11:07:13", 15.400, 83.491, 99930.000, 99.000, 199.567, 15.790, 19.030
"2013/09/28 11:22:11", 15.100, 116.600, 99920.000, 100.000, 199.567, 15.900, 19.030
"2013/09/28 11:37:09", 15.100, 73.415, 99890.000, 100.000, 199.567, 14.660, 17.180
"2013/09/28 11:52:07", 15.100, 64.778, 99860.000, 100.000, 201.567, 15.840, 20.270
"2013/09/28 12:07:05", 14.800, 70.536, 99850.000, 100.000, 200.567, 15.540, 19.750
"2013/09/29 12:37:55", 13.400, 67.657, 99890.000, 92.000, 194.567, 12.240, 15.230
"2013/09/29 12:46:25", 13.400, 64.778, 99880.000, 93.000, 201.567, 10.240, 13.530
"2013/09/29 13:01:23", 13.200, 57.580, 99850.000, 96.000, 193.567, 10.650, 12.090
"2013/09/29 13:16:21", 13.400, 96.447, 99800.000, 99.000, 204.567, 9.880, 12.760
"2013/09/29 13:31:19", 13.800, 106.523, 99750.000, 99.000, 199.567, 10.700, 12.090
"2013/09/29 13:46:17", 14.200, 96.447, 99720.000, 94.000, 201.567, 11.580, 14.760
"2013/09/29 14:01:15", 14.300, 86.370, 99680.000, 93.000, 196.567, 11.990, 15.280
"2013/09/29 14:16:13", 14.400, 77.733, 99650.000, 93.000, 200.567, 10.650, 13.680
"2013/09/29 14:31:11", 14.500, 83.491, 99610.000, 92.000, 197.567, 10.490, 12.710
"2013/09/29 14:46:09", 14.400, 57.580, 99550.000, 94.000, 193.567, 11.730, 15.180
"2013/09/29 15:01:07", 14.700, 89.249, 99490.000, 93.000, 200.567, 12.810, 17.540
"2013/09/29 15:16:05", 14.500, 69.096, 99460.000, 99.000, 193.567, 12.140, 14.920
"2013/09/29 15:31:03", 14.300, 47.504, 99390.000, 100.000, 192.567, 15.590, 19.290
"2013/09/29 15:46:02", 14.500, 24.472, 99340.000, 100.000, 200.567, 14.820, 18.260
"2013/09/29 16:00:59", 14.400, 53.262, 99310.000, 100.000, 196.567, 15.070, 19.550
"2013/09/29 16:15:58", 14.500, 33.109, 99260.000, 100.000, 200.567, 15.180, 18.110
"2013/09/29 16:30:56", 14.500, 25.911, 99220.000, 100.000, 193.567, 14.400, 18.110
"2013/09/29 16:45:54", 14.600, 8.637, 99160.000, 100.000, 200.567, 14.350, 16.510
"2013/09/29 17:00:52", 14.800, 5.758, 99080.000, 100.000, 198.567, 13.990, 18.010
"2013/09/29 17:15:50", 14.800, 1.440, 99050.000, 100.000, 206.567, 15.230, 19.390
"2013/09/29 17:30:48", 15.000, 1.440, 98980.000, 100.000, 199.567, 16.460, 21.040
"2013/09/29 17:45:46", 15.000, 1.440, 98950.000, 100.000, 208.567, 15.840, 21.710
"2013/09/29 18:00:44", 12.700, 1.440, 99090.000, 100.000, 245.567, 13.580, 15.590
"2013/09/29 18:15:42", 13.000, 1.440, 99140.000, 100.000, 250.567, 12.960, 14.970
"2013/09/29 18:30:40", 13.700, 1.440, 99170.000, 100.000, 257.567, 11.270, 12.550
"2013/09/29 18:45:38", 14.700, 1.440, 99190.000, 93.000, 273.567, 17.650, 21.810
"2013/09/29 19:00:36", 14.600, 1.440, 99260.000, 78.000, 266.567, 13.270, 14.710
"2013/09/29 19:15:34", 14.800, 1.440, 99310.000, 79.000, 260.567, 12.450, 15.430
"2013/09/29 19:30:32", 15.500, 1.440, 99370.000, 62.000, 268.567, 16.510, 18.010
"2013/09/29 19:45:30", 15.300, 1.440, 99440.000, 65.000, 263.567, 14.460, 17.850
"2013/09/29 20:00:28", 15.200, 1.440, 99450.000, 63.000, 264.567, 15.840, 17.950
"2013/09/29 20:15:26", 15.200, 1.440, 99490.000, 68.000, 263.567, 14.200, 16.870
"2013/09/29 20:23:56", 15.200, 1.440, 99490.000, 57.000, 263.567, 17.700, 19.810
"2013/09/29 20:38:54", 14.900, 1.440, 99550.000, 63.000, 266.567, 15.640, 17.340
"2013/09/29 20:53:52", 15.000, 1.440, 99580.000, 60.000, 265.567, 17.230, 19.700
"2013/09/29 21:08:50", 14.900, 1.440, 99640.000, 64.000, 266.567, 14.300, 16.620
"2013/09/29 21:23:48", 14.800, 1.440, 99670.000, 65.000, 267.567, 13.530, 15.790
"2013/09/29 21:38:46", 13.900, 1.440, 99710.000, 67.000, 257.567, 14.100, 17.750
"2013/09/29 21:53:44", 14.400, 1.440, 99710.000, 66.000, 255.567, 15.540, 17.650
"2013/09/29 22:08:42", 14.000, 1.440, 99770.000, 71.000, 251.567, 11.880, 12.960
"2013/09/29 22:23:40", 14.500, 1.440, 99780.000, 70.000, 250.567, 14.200, 18.470
"2013/09/29 22:38:38", 14.700, 1.440, 99800.000, 60.000, 249.567, 15.280, 17.700
"2013/09/29 22:53:36", 14.600, 1.440, 99820.000, 66.000, 240.567, 14.200, 18.370
"2013/09/29 23:08:34", 14.800, 1.440, 99840.000, 64.000, 245.567, 14.970, 17.850
"2013/09/29 23:23:32", 14.700, 1.440, 99870.000, 67.000, 245.567, 13.530, 15.690
"2013/09/29 23:38:30", 14.600, 1.440, 99870.000, 70.000, 226.567, 14.040, 16.310
"2013/09/29 23:53:28", 13.900, 1.440, 99890.000, 80.000, 243.567, 14.660, 17.340
"2013/09/30 00:08:26", 14.300, 1.440, 99890.000, 75.000, 239.567, 13.020, 14.350
"2013/09/30 00:23:24", 14.900, 1.440, 99890.000, 72.000, 233.567, 14.100, 17.290
"2013/09/30 00:38:22", 13.800, 1.440, 99920.000, 78.000, 242.567, 15.120, 17.800
"2013/09/30 00:53:20", 14.400, 1.440, 99920.000, 75.000, 244.567, 17.180, 19.450
"2013/09/30 01:08:18", 14.600, 1.440, 99960.000, 78.000, 246.567, 13.680, 16.100
"2013/09/30 01:23:16", 13.800, 1.440, 99990.000, 81.000, 243.567, 15.120, 17.540
"2013/09/30 01:38:14", 14.100, 1.440, 100000.000, 80.000, 241.567, 12.910, 14.870
"2013/09/30 01:53:12", 13.400, 1.440, 99990.000, 95.000, 234.567, 12.810, 15.740
"2013/09/30 02:08:10", 14.200, 1.440, 100000.000, 79.000, 251.567, 14.200, 16.100
"2013/09/30 02:23:08", 14.400, 1.440, 100000.000, 80.000, 241.567, 12.760, 14.760
"2013/09/30 02:38:06", 14.600, 1.440, 100040.000, 82.000, 238.567, 12.300, 15.590
"2013/09/30 02:53:04", 14.500, 1.440, 100050.000, 81.000, 242.567, 12.760, 14.040
"2013/09/30 03:08:02", 14.600, 1.440, 100060.000, 80.000, 241.567, 14.100, 17.230
"2013/09/30 03:23:00", 14.600, 1.440, 100070.000, 78.000, 236.567, 14.200, 15.950
"2013/09/30 03:37:59", 14.700, 1.440, 100090.000, 77.000, 248.567, 13.020, 15.180
"2013/09/30 03:52:56", 14.600, 1.440, 100110.000, 82.000, 232.567, 11.940, 15.590
"2013/09/30 04:07:54", 14.700, 1.440, 100120.000, 84.000, 248.567, 12.040, 14.040
"2013/09/30 04:22:53", 14.700, 1.440, 100120.000, 78.000, 250.567, 14.040, 16.260
"2013/09/30 04:37:50", 14.900, 1.440, 100130.000, 79.000, 240.567, 13.120, 15.690
"2013/09/30 04:52:49", 15.000, 1.440, 100170.000, 76.000, 255.567, 13.740, 15.640
"2013/09/30 05:07:47", 14.900, 1.440, 100190.000, 78.000, 243.567, 13.070, 16.210
"2013/09/30 05:22:45", 14.800, 1.440, 100230.000, 77.000, 247.567, 14.460, 16.360
"2013/09/30 05:37:43", 14.800, 1.440, 100290.000, 77.000, 257.567, 12.450, 14.710
"2013/09/30 05:52:41", 14.800, 1.440, 100330.000, 76.000, 252.567, 12.600, 13.990
"2013/09/30 06:07:39", 14.600, 1.440, 100370.000, 78.000, 242.567, 11.780, 13.270
"2013/09/30 06:22:37", 14.700, 1.440, 100390.000, 78.000, 252.567, 11.830, 14.400
"2013/09/30 06:37:35", 14.800, 10.077, 100420.000, 77.000, 253.567, 12.090, 14.250
"2013/09/30 06:52:33", 14.800, 15.835, 100470.000, 81.000, 255.567, 9.160, 10.130
"2013/09/30 07:07:31", 14.900, 18.714, 100480.000, 77.000, 254.567, 10.080, 12.350
"2013/09/30 07:22:29", 14.700, 66.217, 100510.000, 78.000, 247.567, 10.800, 11.470
"2013/09/30 07:37:27", 14.900, 168.422, 100520.000, 78.000, 247.567, 10.340, 12.040
"2013/09/30 07:52:25", 14.900, 107.963, 100550.000, 80.000, 244.567, 8.690, 11.320
"2013/09/30 08:07:23", 14.900, 80.612, 100560.000, 76.000, 246.567, 10.550, 12.040
"2013/09/30 08:22:21", 14.700, 178.498, 100600.000, 79.000, 243.567, 10.600, 11.730
"2013/09/30 08:37:19", 13.600, 17.274, 100630.000, 73.000, 260.567, 13.580, 15.280
"2013/09/30 08:52:17", 13.300, 63.338, 100670.000, 75.000, 246.567, 10.080, 11.520
"2013/09/30 09:07:15", 13.700, 15.835, 100690.000, 74.000, 238.567, 12.710, 14.920
"2013/09/30 09:22:13", 13.300, 151.148, 100720.000, 80.000, 248.567, 9.520, 10.850
"2013/09/30 09:37:11", 14.100, 293.658, 100760.000, 79.000, 248.567, 9.830, 11.160
"2013/09/30 09:52:09", 14.000, 158.345, 100790.000, 81.000, 233.567, 9.110, 10.440
"2013/09/30 10:07:07", 13.500, 103.644, 100820.000, 68.000, 253.567, 7.920, 9.520
"2013/09/30 10:22:05", 13.100, 59.020, 100830.000, 78.000, 264.567, 9.770, 10.600
"2013/09/30 10:37:03", 13.500, 591.635, 100860.000, 80.000, 256.567, 8.640, 10.190
"2013/09/30 10:52:01", 14.300, 531.176, 100880.000, 77.000, 265.567, 8.850, 10.290
"2013/09/30 11:06:59", 14.300, 243.276, 100900.000, 72.000, 262.567, 10.080, 11.060
"2013/09/30 11:21:57", 14.300, 217.365, 100920.000, 75.000, 247.567, 9.620, 12.040
"2013/09/30 11:36:55", 14.100, 136.753, 100950.000, 78.000, 235.567, 7.920, 9.260
"2013/09/30 11:51:53", 13.600, 149.708, 100970.000, 77.000, 245.567, 11.580, 13.270
"2013/09/30 12:06:51", 13.400, 257.671, 101010.000, 81.000, 233.567, 8.690, 9.880
"2013/09/30 12:21:49", 14.200, 256.231, 101000.000, 68.000, 240.567, 10.600, 12.190
"2013/09/30 12:36:47", 14.500, 464.959, 101010.000, 71.000, 237.567, 10.750, 12.660
"2013/09/30 12:51:45", 14.400, 385.786, 101020.000, 72.000, 238.567, 10.850, 13.220
"2013/09/30 13:06:43", 14.400, 171.301, 101030.000, 73.000, 226.567, 11.320, 12.810
"2013/09/30 13:21:41", 14.100, 61.899, 101050.000, 80.000, 219.567, 10.750, 12.600
"2013/09/30 13:36:39", 13.800, 24.472, 101070.000, 80.000, 246.567, 13.680, 16.310
"2013/09/30 13:51:37", 11.800, 240.397, 101110.000, 92.000, 276.567, 9.670, 11.320
"2013/09/30 14:06:35", 13.000, 318.130, 101120.000, 76.000, 252.567, 6.690, 7.820
"2013/09/30 14:21:33", 13.800, 364.194, 101120.000, 69.000, 242.567, 9.570, 10.240
"2013/09/30 14:36:31", 14.000, 463.519, 101130.000, 74.000, 236.567, 8.800, 9.670
"2013/09/30 14:51:29", 14.000, 192.893, 101120.000, 74.000, 227.567, 8.180, 9.210
"2013/09/30 15:06:27", 14.600, 285.021, 101130.000, 71.000, 234.567, 9.520, 10.650
"2013/09/30 15:21:25", 14.700, 218.804, 101140.000, 67.000, 242.567, 10.190, 11.680
"2013/09/30 15:36:23", 14.800, 325.327, 101150.000, 67.000, 244.567, 11.470, 13.430
"2013/09/30 15:51:21", 14.800, 195.772, 101160.000, 68.000, 248.567, 11.110, 12.910
"2013/09/30 16:06:19", 14.700, 161.224, 101170.000, 69.000, 247.567, 10.240, 11.680
"2013/09/30 16:21:17", 14.800, 84.931, 101170.000, 62.000, 256.567, 11.110, 12.550
"2013/09/30 16:36:15", 14.800, 64.778, 101180.000, 70.000, 252.567, 9.520, 11.580
"2013/09/30 16:51:14", 14.400, 41.746, 101180.000, 70.000, 242.567, 10.130, 12.140
"2013/09/30 16:59:44", 14.200, 30.230, 101190.000, 74.000, 237.567, 9.520, 10.850
"2013/09/30 17:14:42", 12.400, 1.440, 101200.000, 80.000, 252.567, 16.410, 18.260
"2013/09/30 17:29:40", 12.300, 15.835, 101230.000, 80.000, 227.567, 9.620, 11.470
"2013/09/30 17:44:38", 13.100, 7.198, 101230.000, 69.000, 238.567, 7.920, 8.800
"2013/09/30 17:59:36", 13.400, 1.440, 101240.000, 74.000, 242.567, 9.520, 10.490
"2013/09/30 18:14:34", 13.700, 1.440, 101240.000, 77.000, 244.567, 9.210, 10.340
"2013/09/30 18:29:33", 13.900, 1.440, 101250.000, 73.000, 247.567, 9.570, 10.600
"2013/09/30 18:44:30", 13.900, 1.440, 101250.000, 75.000, 240.567, 9.880, 11.830
"2013/09/30 18:59:28", 14.000, 1.440, 101260.000, 72.000, 240.567, 9.880, 10.700
"2013/09/30 19:14:26", 14.000, 1.440, 101270.000, 70.000, 241.567, 8.540, 9.620
"2013/09/30 19:29:24", 14.000, 1.440, 101280.000, 70.000, 234.567, 7.720, 8.900
"2013/09/30 19:44:22", 13.900, 1.440, 101300.000, 70.000, 231.567, 6.430, 7.200
"2013/09/30 19:59:20", 13.700, 1.440, 101300.000, 72.000, 229.567, 5.760, 6.640
"2013/09/30 20:14:18", 14.100, 1.440, 101290.000, 71.000, 234.567, 7.050, 8.690
"2013/09/30 20:29:16", 14.300, 1.440, 101300.000, 67.000, 234.567, 7.820, 9.160
"2013/09/30 20:37:46", 14.100, 1.440, 101310.000, 70.000, 225.567, 7.820, 8.750
"2013/09/30 20:52:44", 13.600, 1.440, 101320.000, 76.000, 214.567, 7.720, 10.290
"2013/09/30 21:07:42", 13.100, 1.440, 101320.000, 80.000, 210.567, 7.870, 9.310
"2013/09/30 21:22:40", 13.100, 1.440, 101330.000, 81.000, 220.567, 6.020, 9.050
"2013/09/30 21:37:38", 12.200, 1.440, 101340.000, 80.000, 217.567, 6.380, 7.250
"2013/09/30 21:52:37", 13.600, 1.440, 101320.000, 76.000, 250.567, 8.490, 9.570
"2013/09/30 22:07:34", 13.500, 1.440, 101330.000, 79.000, 231.567, 6.640, 7.720
"2013/09/30 22:22:32", 13.400, 1.440, 101330.000, 77.000, 239.567, 5.400, 6.220
"2013/09/30 22:37:30", 13.600, 1.440, 101310.000, 75.000, 230.567, 5.920, 6.790
"2013/09/30 22:52:28", 13.200, 1.440, 101300.000, 77.000, 212.567, 6.640, 8.130
"2013/09/30 23:07:26", 10.900, 1.440, 101360.000, 81.000, 227.567, 8.900, 10.700
"2013/09/30 23:22:24", 11.800, 1.440, 101340.000, 80.000, 250.567, 9.410, 10.750
"2013/09/30 23:37:22", 11.900, 1.440, 101350.000, 77.000, 246.567, 6.380, 7.150
"2013/09/30 23:52:20", 12.600, 1.440, 101350.000, 74.000, 233.567, 7.870, 9.160