time,elevation,ph,temp,sal,conductivity,oxygen,fluo
1378857040,14.3751052631579,7.80732185660831,20.0327450980392,8.86403921568627,1.37317647058824,4.898625,761.278970702768
1378860640,14.7533571428571,NA,NA,NA,NA,NA,NA
1378864240,15.1942307692308,7.84220717105471,19.258,10.9824166666667,1.64425,4.90666666666667,844.249435870424
1378867840,15.6718965517241,7.851435845768,18.7074,12.8885,1.8833,4.898,860.41111638693
1378871440,16.0601,7.86602054237063,16.3344285714286,20.0101428571429,2.67042857142857,4.486,880.928111254938
1378875040,16.3222592592593,7.87012040931441,16.3333571428571,19.6070714285714,2.62078571428571,4.531,885.504487001919
1378878640,16.3715333333333,NA,NA,NA,NA,NA,NA
1378882240,16.1908965517241,7.88451182857503,16.5333333333333,17.8949166666667,2.42058333333333,4.7,894.85748839113
1378885840,15.7383846153846,7.88648001430827,17.1302,15.3464,2.134,4.782,892.57961348645
1378889440,15.4540666666667,7.88501206397097,17.8907307692308,14.1360384615385,2.01259615384615,4.67188888888889,887.00001991493
1378893040,15.1827931034483,7.88151730839258,18.1932857142857,13.2874489795918,1.91275510204082,4.7731875,881.561723966562
1378896640,15.0987,7.87290966710208,18.9608771929825,11.7030877192982,1.73284210526316,4.95230769230769,871.522438931021
1378900240,15.2703666666667,7.86476675653413,18.6643673469388,12.7836734693878,1.86720408163265,4.983,860.620301662086
1378903840,15.5996551724138,7.86002587382014,18.5804848484848,13.0365757575758,1.89663636363636,4.8781,849.574208058216
1378907440,16.0194642857143,7.85892744521112,17.3360740740741,16.9111666666667,2.34005555555556,4.61873684210526,826.270288475264
1378911040,16.3973,7.86509133743654,16.0323518518519,21.0979814814815,2.78164814814815,4.48,803.795575361083
1378914640,16.8260333333333,7.88044156028819,15.12075,23.3803333333333,2.99191666666667,4.723,769.610457119792
1378918240,17.0015333333333,7.89465919959954,14.18828,25.93724,3.21544,4.55625,745.63980955828
1378921840,16.9318,7.90529035125229,14.3886111111111,25.6581111111111,3.19972222222222,4.73888888888889,727.258420685839
1378925440,16.6054,7.91349063019358,15.4746842105263,22.4880526315789,2.90494736842105,4.861,713.277688789663
1378929040,16.1203,7.91175173827046,16.94871875,17.9576875,2.45353125,4.85011111111111,714.518829611035
1378932640,15.5452333333333,7.90017983705964,17.4480714285714,16.2706904761905,2.2667380952381,4.8291,730.88293633163
1378936240,14.9973214285714,7.87420805213534,18.2213648648649,13.6566081081081,1.964,4.9015,767.672452506639
1378939840,14.6072142857143,7.85337707637103,18.6862391304348,11.7810869565217,1.7315,4.86818181818182,796.161147383404
1378943440,14.4120740740741,7.82958884449081,19.0288636363636,10.3112272727273,1.54425,4.9204,824.661530060854
1378947040,14.5318,7.81380937858762,19.2861343283582,8.80371641791045,1.34177611940299,4.97935294117647,832.542206940119
1378950640,14.8688076923077,7.80901390801813,18.996641509434,9.70707547169811,1.45903773584906,4.9214,821.019216698099
1378954240,15.2660714285714,7.81679001849941,18.5203111111111,11.4212888888889,1.67731111111111,4.802,796.840371036401
1378957840,15.6880357142857,7.83400192050881,17.6732692307692,14.3347692307692,2.02542307692308,4.6816875,775.477941881798
1378961440,16.0501666666667,7.8564703982331,16.8670909090909,16.9429545454545,2.31925,4.65676923076923,758.536417165556
1378965040,16.2938333333333,7.88261919538566,16.4543076923077,18.3850769230769,2.47869230769231,4.49142857142857,744.008776594973
1378968640,16.3495925925926,7.88940598797465,16.4955952380952,18.9214047619048,2.54659523809524,4.70554545454545,741.702883297237
1378972240,16.2177931034483,7.87058138149204,17.6783529411765,15.5225588235294,2.18104411764706,4.87442857142857,750.450361362889
1378975840,15.9225185185185,7.83271452647965,17.8891627906977,14.7551860465116,2.09379069767442,4.66327272727273,769.158106825254
1378979440,15.6004482758621,7.79568793613985,18.4263571428571,13.3680714285714,1.93525,4.6831875,797.771306767646
1378983040,15.3546666666667,7.77672352840011,19.1339125,11.3474125,1.6907625,4.7605,865.115467539462
1378986640,15.2899666666667,7.80302212940632,19.3554821428571,10.5707678571429,1.59183928571429,4.83264285714286,918.892168786556
1378990240,15.4303,7.85880678362973,19.0533265306122,10.919887755102,1.62929591836735,5.0051875,983.970661474429
1378993840,15.6938214285714,7.86671612241431,18.43484,12.63542,1.83516,4.89708333333333,976.740873223769
1378997440,16.0396206896552,7.85532541308316,18.3369415584416,12.0438181818182,1.75378571428571,4.87015384615385,878.27992131828
1379001040,16.4566333333333,7.85975994321889,17.1376753246753,16.2066363636364,2.24223376623377,4.62721739130435,813.143618603
1379004640,16.7720333333333,7.88513634040066,16.3391515151515,19.6234444444444,2.62224242424242,4.549125,808.38452806841
1379008240,16.9346896551724,7.9176097316746,16.087963963964,20.5901801801802,2.72462162162162,4.40636,839.579817031083
1379011840,16.8674333333333,7.94562036085147,16.7261293103448,18.2899827586207,2.48129310344828,5.04613793103448,837.682164712032
1379015440,16.5764827586207,7.95824602677434,18.0197431192661,12.9218165137615,1.85403669724771,5.09984615384615,751.997769442693
1379019040,16.1075652173913,7.94289710418284,18.7462571428571,10.3407619047619,1.53878095238095,5.13059090909091,647.8143966471
1379022640,15.5553571428571,7.90271991934663,19.1931165048544,8.38221359223301,1.28028155339806,5.0707,639.288483584318
1379026240,15.036,7.86471674587712,19.4586322580645,7.44223225806452,1.15305161290323,5.055075,682.423952062741
1379029840,14.6474814814815,7.82399001564081,19.5439833333333,7.142475,1.11235,4.95962162162162,696.924868971453
1379033440,14.4058,7.79708572170611,19.6472536231884,6.75544927536232,1.05866666666667,4.94475,692.315537117768
1379037040,14.4732666666667,7.79376545886329,19.8589161290323,5.82710967741935,0.927270967741936,5.0024358974359,689.067819235191
1379040640,14.7283076923077,7.79565872973353,19.7509328358209,5.86021641791045,0.930029850746269,4.98247058823529,676.455054600858
1379044240,15.1423333333333,7.78755444151572,19.6206014492754,6.47672463768116,1.01638405797101,4.94145454545455,672.087435739072
1379047840,15.5017083333333,7.80586826207285,18.8031195652174,9.64960869565217,1.44452173913043,4.81424137931034,689.859980859891
1379051440,15.8846333333333,7.83357906811091,18.1038803418803,12.4250341880342,1.79391452991453,4.68861111111111,723.397177678039
1379055040,16.1516666666667,7.84007703767071,17.923075,13.7996833333333,1.97045,4.68865625,758.759558442282
1379058640,16.2781724137931,7.83359677352301,18.2232469135802,13.4855308641975,1.94214814814815,4.68679166666667,764.715071254602
1379062240,16.26975,7.83483047137343,18.3519240506329,12.6409873417722,1.83469620253165,4.77742307692308,771.77270990119
1379065840,16.07145,7.82482491100445,18.829373015873,10.5594126984127,1.57185714285714,4.749,826.292381905465
1379069440,15.596,7.78261399131366,19.1076034482759,9.77329310344828,1.47159482758621,4.67366666666667,920.295527952707
1379073040,15.4517333333333,7.75498097666393,19.6400186915888,7.68357943925234,1.19221495327103,4.77112121212121,977.492535879663
1379076640,15.3348571428571,7.78533884647181,19.7171759259259,6.53112037037037,1.02752777777778,4.88723529411765,1005.5621047797
1379080240,15.4043846153846,7.83572163895337,19.48183,6.86388,1.07069,4.88533333333333,1060.28749898739
1379083840,15.591347826087,7.85935602504034,19.325762295082,7.23409016393443,1.1202131147541,4.9424375,1082.29065412759
1379087440,15.896,7.86011727244584,18.5890957446809,10.4689787234043,1.54725531914894,4.70133333333333,1002.99124395056
1379091040,16.278,7.84967043336978,17.9023529411765,13.2906470588235,1.89991176470588,4.48533333333333,913.486159191876
1379094640,16.571,7.84654086472828,17.4379345794393,14.3169626168224,2.01068224299065,4.44874358974359,953.406330733411
1379098240,16.8225666666667,7.86426949462651,17.33617,14.7787,2.06966,4.3145641025641,995.514870000013
1379101840,16.8244666666667,7.91335540858848,16.9868510638298,16.7006170212766,2.29713829787234,4.69846153846154,874.452905293097
1379105440,16.7365,7.9660415170524,18.05729,11.24467,1.62942,5.08582051282051,697.686626992463
1379109040,16.0522,7.96829832213194,18.909953271028,6.87599065420561,1.0582523364486,5.1295641025641,632.058532999029
1379112640,15.6239333333333,7.92634353673104,19.1981214953271,6.20930841121495,0.968364485981308,5.048,636.279164168783
1379116240,15.1043913043478,7.88391212159617,19.4116635514019,5.84502803738318,0.920579439252336,5.03638461538462,632.974348548964
1379119840,14.6489,7.85001485213666,19.4183738317757,6.04797196261682,0.950495327102804,4.97853846153846,630.935041101378
1379123440,14.3832962962963,7.81788209986889,19.4052242990654,6.38298130841121,0.998953271028037,4.92202564102564,638.594885941442
1379127040,14.3613,7.80375976731903,19.5241775700935,5.62320560747664,0.890448598130841,4.95215384615385,627.704120420734
1379130640,14.5743214285714,7.8207792434715,19.5130654205607,5.2678785046729,0.837457943925234,4.96292307692308,603.650231917338
1379134240,14.9608666666667,7.85105203293039,19.5546728971963,4.90209345794393,0.783971962616822,4.96482051282051,618.319533238503
1379137840,15.3902,7.86427182485369,18.7266074766355,8.68714018691589,1.30624299065421,4.85412820512821,676.969244628952
1379141440,15.8010666666667,7.83144928552617,18.1790841121495,12.0910747663551,1.75220560747664,4.72269230769231,737.157785629527
1379145040,16.1478,7.78891079024305,18.0618965517241,13.2373218390805,1.8997816091954,4.4539696969697,766.036221794782
1379148640,16.3462592592593,7.81770779530581,18.1675494505495,12.7645714285714,1.84365934065934,4.52348484848485,754.931296832401
1379152240,16.3411666666667,7.87360836695255,17.9519215686275,13.5539705882353,1.93940196078431,4.9582972972973,768.043626287596
1379155840,16.1423666666667,7.86527226381712,18.9535327102804,8.65460747663551,1.30596261682243,4.93379487179487,862.195536237696
1379159440,15.8366,7.82692469203314,19.3305046728972,7.36151401869159,1.13823364485981,4.91874358974359,917.998522997884
1379163040,15.5077037037037,7.82729528305946,19.5304537815126,6.32745378151261,0.993974789915966,4.91648717948718,826.958746517648
1379166640,15.2711176470588,7.8698179276879,19.4856274509804,5.86106862745098,0.924323529411765,5.03757894736842,741.056835986977
1379170240,15.2825862068966,7.92070014246115,19.6070196078431,5.3218431372549,0.847490196078431,5.11316216216216,771.847754270896
1379173840,15.4686666666667,7.93712639891795,19.6887476635514,4.68242056074766,0.753570093457944,5.16141025641026,819.553372879405
1379177440,15.745037037037,7.90268326776796,19.225308411215,6.75110280373832,1.04319626168224,4.89566666666667,819.669379081272
1379181040,16.1292222222222,7.84074776234996,17.9118878504673,12.3718971962617,1.77511214953271,4.62787179487179,806.589758892864
1379184640,16.5030869565217,7.80355300537183,16.6118317757009,17.4415514018692,2.36318691588785,4.03148717948718,814.684666298034
1379188240,16.8092333333333,7.84324371931938,16.9510776699029,15.8702233009709,2.18953398058252,4.10376923076923,850.261607221703
1379191840,16.8915909090909,7.92243888845455,15.8543555555556,20.9833,2.75683333333333,4.46482051282051,857.705874311181
1379195440,16.612125,7.97103879000702,16.5022,18.11311,2.44288,4.94148717948718,754.514852604977
1379199040,16.291724137931,7.97616736382526,18.1466851851852,9.78683333333333,1.44148148148148,5.02092307692308,606.585704175305
1379202640,15.6314761904762,7.95587390501443,18.7845636363636,7.49055454545455,1.14307272727273,5.05153846153846,559.725597591065
1379206240,15.1894615384615,7.92351610992257,18.9537636363636,7.15697272727273,1.10007272727273,5.04166666666667,597.058650112958
1379209840,14.6414666666667,7.88915265762582,19.0503243243243,7.03348648648649,1.0842972972973,5.02320512820513,615.947274096452
1379213440,14.3154444444444,7.85977952768018,19.0840973451327,7.34302654867257,1.12953982300885,4.98546153846154,608.554482274172
1379217040,14.2488666666667,7.84246182094204,19.3515263157895,6.12182456140351,0.959982456140351,5.04466666666667,609.671678965877
1379220640,14.4770333333333,7.84094867906219,19.3638,5.98717142857143,0.940714285714286,5.03961538461538,620.805167063439
1379224240,14.8951153846154,7.84810824614916,19.0745555555556,6.88420512820513,1.06224786324786,4.98794871794872,640.755918360065
1379227840,15.3793214285714,7.84339793325109,18.5700854700855,10.0681965811966,1.4902905982906,4.84269230769231,669.115730236858
1379231440,15.8626,7.83377680570805,17.8657372881356,13.5154237288136,1.92575423728814,4.64297435897436,711.188981927119
1379235040,16.2755172413793,7.85328356795852,16.6335,18.8596228070175,2.54481578947368,4.38905128205128,754.841525045413
1379238640,16.5086923076923,7.89012956509879,16.7361022727273,17.920875,2.436375,4.79192592592593,775.658863471835
1379242240,16.5295333333333,7.90536938052989,15.885202020202,21.8112121212121,2.858,4.57288888888889,765.156669398164
1379245840,16.2820689655172,7.89604731016868,17.3919901960784,15.0724019607843,2.09688235294118,4.85479487179487,725.490922435656
1379249440,15.9284642857143,7.89275760802241,18.2490898876404,10.7534719101124,1.57739325842697,4.90956756756757,676.402589490484
1379253040,15.4092666666667,7.8966935475968,18.2264054054054,10.4975315315315,1.54073873873874,4.90156756756757,651.299497862589
1379256640,15.1887666666667,7.89437523062696,18.4808739495798,9.75257142857143,1.44934453781513,4.926775,665.854564532452
1379260240,15.1026,7.88876149104371,18.9792416666667,7.71886666666667,1.17945,5.024425,711.857094724012
1379263840,15.2243157894737,7.88616114675064,19.0707757009346,6.58569158878505,1.02115887850467,5.02984615384615,740.727114131944
1379267440,15.6558333333333,7.8819060741107,18.456731092437,9.10783193277311,1.34847899159664,4.706575,726.555263016315
1379271040,16.07624,7.88250073262962,17.2059345794393,14.5060747663551,2.026,4.63982051282051,705.94515444283
1379274640,16.5025666666667,7.90911800977671,15.8991680672269,19.3735294117647,2.5616974789916,4.436425,716.131719225054
1379278240,16.8685172413793,7.94854836769595,14.8389626168224,23.5813644859813,2.99556074766355,4.64141025641026,763.744472153531
1379281840,16.9923,7.97918882847789,14.3426635514019,25.464261682243,3.17454205607477,4.54684615384615,787.275096461363
1379285440,16.8718333333333,7.98311950189808,14.7714392523364,23.8464579439252,3.01938317757009,4.73917948717949,722.467626257726
1379289040,16.4265666666667,7.95860938155797,16.6238691588785,15.606953271028,2.13565420560748,4.86246153846154,649.307813211399
1379292640,15.7239444444444,7.92691519752425,17.3242413793103,12.9395862068966,1.83028735632184,4.76873333333333,645.89605341062
1379296240,15.2216333333333,7.89895620141934,17.8509512195122,11.1368902439024,1.61535365853659,4.77637931034483,663.459565118698
1379299840,14.6090952380952,7.86671120453062,18.1673604651163,9.96270930232558,1.46704651162791,4.81271875,661.490959144029
1379303440,14.2992777777778,7.83543228038783,18.4627007874016,9.03468503937008,1.34942519685039,4.8147027027027,662.959228068907
1379307040,14.2151,7.83729500997197,18.8070080645161,7.64652419354839,1.16583870967742,4.85456756756757,684.8363042554
1379310640,14.4563684210526,7.85145873833292,19.0334333333333,6.38864166666667,0.991825,4.91515151515152,712.563807251151
1379314240,14.9586,7.84431032584671,18.7694426229508,7.23527868852459,1.10526229508197,4.85348571428571,733.025640774369
1379317840,15.5139,7.84063903939145,17.9943669724771,10.6727614678899,1.5566880733945,4.70811111111111,747.977410304434
1379321440,16.0664666666667,7.87514992409969,16.7494854368932,15.8296990291262,2.17000970873786,4.56008823529412,808.746781333267
1379325040,16.4682608695652,7.93162272511905,15.6667721518987,20.4495443037975,2.68136708860759,4.69511111111111,947.406590175686
1379328640,16.7686666666667,8.02944812392889,14.4550714285714,26.3574285714286,3.28409523809524,4.90108333333333,1170.09181796352
1379332240,16.6841724137931,8.04715928475681,14.8240091743119,25.4163669724771,3.20422018348624,4.96565714285714,1112.08065106554
1379335840,16.379724137931,8.01706596723143,16.1962803738318,19.037261682243,2.54123364485981,4.92342857142857,835.119638013519
1379339440,15.8913333333333,7.94867588371778,16.9362696629213,16.1421235955056,2.2242808988764,4.87936363636364,591.542701237854
1379343040,15.3941538461538,7.91068891904788,18.2179325842697,11.7083820224719,1.704,4.92097058823529,635.595252314762
1379346640,15.0003666666667,7.89003000044713,18.6583947368421,9.96059649122807,1.48298245614035,5.01413888888889,808.614607286832
1379350240,14.8391153846154,7.85837708413698,19.157615658363,7.74126690391459,1.18849466192171,5.04346153846154,868.451523260836
1379353840,14.9976666666667,7.87335622293836,19.210347826087,7.03247826086957,1.08851304347826,5.00951351351351,671.889765611826
1379357440,15.4257666666667,7.88988978848728,18.6091196581197,9.16926495726496,1.3684188034188,4.93636111111111,634.942232401083
1379361040,15.9440384615385,7.90430934848168,17.6850583333333,13.479175,1.91643333333333,4.83984615384615,727.587208453078
1379364640,16.4495,7.95148330284876,16.4009504132231,18.8482314049587,2.52817355371901,4.71002564102564,830.874558450882
1379368240,16.8504333333333,8.01412280834361,15.849752,21.874744,2.863112,4.9174358974359,1041.60486565013
1379371840,17.0375,8.05716756578951,15.0682016129032,25.3371532258065,3.21375,4.93138461538462,1247.88768877335
1379375440,16.8933666666667,8.05347108317391,15.1953306451613,24.5107258064516,3.12571774193548,4.91192307692308,1104.11546424013
1379379040,16.51955,8.00686561267147,16.7576423357664,16.6285328467153,2.27107299270073,4.882475,750.195628420946
1379382640,15.8374166666667,7.9520347043622,17.5889813084112,12.8107943925234,1.8248785046729,4.75078125,616.968733736172
1379386240,15.1233571428571,7.89314029653106,17.848562962963,11.7964814814815,1.70301481481481,4.76617948717949,648.754413035501
1379389840,14.5523461538462,7.85300317919034,18.4344778761062,9.01688495575221,1.34644247787611,4.88857142857143,680.102990707863
1379393440,14.1970769230769,7.8244187557103,18.6091546391753,8.51832989690722,1.28279381443299,4.88421428571429,706.945584230541
1379397040,14.1513666666667,7.81432117308987,18.7947927927928,7.71828828828829,1.17569369369369,4.88117647058824,738.610554118112
1379400640,14.4818666666667,7.83164877675726,19.0014051724138,6.309,0.979612068965517,4.92612121212121,751.128065487221
1379404240,15.0335,7.86049476953514,18.4943015873016,8.8029126984127,1.31511904761905,4.762,734.783033020283
1379407840,15.6507666666667,7.87853989909912,17.8143650793651,12.0158571428571,1.72866666666667,4.7065641025641,709.284530047585
1379411440,16.1998260869565,7.90340196887858,17.2410240963855,14.8245180722892,2.07171084337349,4.66418518518519,757.185246995537
1379415040,16.71148,8.01659314841333,14.63524,25.61536,3.21264,4.7617619047619,1176.69062290294
1379418640,16.8900476190476,8.07534499773674,14.095544,28.030656,3.442648,4.84047368421053,1406.82590596175
1379422240,16.7459166666667,8.09047908511737,14.9567829457364,25.8956589147287,3.26442635658915,5.09964285714286,1352.04207213121
1379425840,16.3051,8.05362297016812,16.5091315789474,18.6990701754386,2.51834210526316,5.04418518518519,966.113256614473
1379429440,15.7289333333333,8.00957610222799,17.3089189189189,15.3028468468468,2.13416216216216,4.99091666666667,713.689657494948
1379433040,15.1569666666667,7.96498162033836,18.2273695652174,11.8757717391304,1.72823913043478,5.06978947368421,683.880600112089
1379436640,14.68828,7.9138237590348,18.6456091954023,9.67916091954023,1.44340229885057,5.05305,683.992045293247
1379440240,14.5686785714286,7.89149431498868,19.0268611111111,7.70144444444444,1.17913888888889,5.07833333333333,653.069746281034
1379443840,14.7802413793103,7.89507769189751,19.1976355140187,6.37426168224299,0.993364485981308,5.0933,612.429315230924
1379447440,15.293380952381,7.9141046849672,18.662212962963,8.47919444444444,1.27525,5.03928571428571,634.473402202741
1379451040,15.8768275862069,7.93971805366633,17.8225327102804,12.6694205607477,1.81678504672897,5.00625,791.664570127888
1379454640,16.4277826086957,7.98345460875142,16.7441666666667,17.298137254902,2.35872549019608,4.91626315789474,1040.87394939074
1379458240,16.8992413793103,8.04487871072221,15.4710967741935,23.593752688172,3.03915053763441,5.03611111111111,1283.59282923889
1379461840,17.0907333333333,8.0793130112558,14.7177462686567,27.1320298507463,3.39126865671642,5.08192307692308,1374.355249246
1379465440,16.924,8.073311527969,15.0539793814433,25.3868144329897,3.2140824742268,5.08463157894737,1234.25833109485
1379469040,16.3643684210526,8.04018212655193,16.3440186915888,18.4120093457944,2.47417757009346,4.99085,912.299902793072
1379472640,15.7534230769231,7.99310170569452,17.1752990654206,14.3807196261682,2.00563551401869,4.8951,660.538103523345
1379476240,15.0150740740741,7.94717547835209,17.8034111111111,11.1601555555556,1.61652222222222,4.95461111111111,633.224707706708
1379479840,14.44324,7.90521884986952,18.42906,8.57002,1.28417,5.0411,733.815510437219
1379483440,14.143275862069,7.88206200573729,18.7385421686747,7.51801204819277,1.14595180722892,5.01404545454545,828.520394133734
1379487040,14.2157,7.87500572692915,18.9962407407407,6.15112037037037,0.956694444444444,5.03897368421053,853.470473169773
1379490640,14.58675,7.87311124852653,19.1390170940171,5.6934358974359,0.893025641025641,5.04355555555556,813.994588512112
1379494240,15.2479047619048,7.87916449750421,18.5825241935484,8.64623387096774,1.29779032258065,4.95336842105263,797.372497893494
1379497840,15.9323125,7.9098052682649,17.7706666666667,12.4741833333333,1.78685,4.86581578947368,869.563704383589
1379501440,16.5241538461538,7.95850618662782,16.4928099173554,18.7393388429752,2.51490082644628,4.89376315789474,1025.93532166672
1379505040,16.9709,8.00259317547154,14.4700267857143,27.18875,3.37697321428571,4.83123684210526,1185.61197470511
1379508640,17.0437,8.02144637774195,14.195,29.1391132075472,3.5737358490566,4.87891176470588,1215.03642635806
1379512240,16.7608666666667,8.01151166083267,15.2359509803922,25.7937549019608,3.27158823529412,4.98205,1094.93413106265
1379515840,16.2113,8.00093217738898,17.16275,17.6367934782609,2.424,5.034,879.645736715119
1379519440,15.5558,8.00090977395272,18.6510818181818,11.4901454545455,1.68944545454545,5.101,694.317112344849
1379523040,14.9077586206897,7.97593333647427,19.04466,9.20737,1.39048,5.17036842105263,668.991144010101
1379526640,14.4569259259259,7.92397376902193,19.2587872340426,7.51803191489362,1.15825531914894,5.11733333333333,713.650092066223
1379530240,14.377037037037,7.88794625760527,19.5458045977011,5.5172183908046,0.875080459770115,5.13240740740741,704.209149198346
1379533840,14.6673214285714,7.89266407641436,19.68132,4.491624,0.724848,5.09215789473684,657.788872589651
1379537440,15.2604444444444,7.91163651535089,19.219424,6.568984,1.016816,5.05071052631579,644.449456817574
1379541040,15.8823928571429,7.93814757722329,18.309616,10.864608,1.590768,5.01134210526316,707.56001712845
1379544640,16.4561428571429,7.98063070524269,17.083056,16.456088,2.271432,4.87302631578947,893.521582337206
1379548240,16.9178965517241,8.04018976170384,15.4319117647059,24.3892843137255,3.12604901960784,5.06544,1223.93452021206
1379551840,17.072037037037,8.09865530029677,14.6541272727273,27.9398272727273,3.47746363636364,5.11363888888889,1442.44686889215
1379555440,16.9344545454545,8.10621209061092,15.3687966101695,23.9270169491525,3.0623813559322,5.09372972972973,1195.88288688562
1379559040,16.0467777777778,8.05739123051129,16.8937661290323,15.738314516129,2.16846774193548,4.96360526315789,734.563538522807
1379562640,15.5867,8.00334968882136,17.8469032258065,10.5708064516129,1.53742741935484,4.92842105263158,585.864217445246
1379566240,14.8958333333333,7.96423398585317,18.13648,9.19404,1.361568,4.99365789473684,659.854486158911
1379569840,14.3842083333333,7.93105596839983,18.6754821428571,7.30901785714286,1.11453571428571,5.05761111111111,697.320944939968
1379573440,14.1676666666667,7.89924545457006,19.0498818181818,5.92042727272727,0.924054545454545,5.05485294117647,738.195743235638
1379577040,14.3598965517241,7.87565902833101,19.5321081081081,4.59648648648649,0.738099099099099,5.09828571428571,794.682408985801
1379580640,14.8936896551724,7.88370397842716,19.3152592592593,5.94610185185185,0.929703703703704,5.083125,761.190169553002
1379584240,15.5452666666667,7.91891712650086,18.8185588235294,7.65588235294118,1.16714705882353,5.09766666666667,736.080244079325
1379587840,16.1785,7.95810790930191,17.7662830188679,12.9806981132075,1.84539622641509,4.984,912.445045094791
1379591440,16.7843103448276,7.99730069113589,15.9652571428571,22.5663047619048,2.94537142857143,4.86072,1186.19981678752
1379595040,17.0936666666667,8.04510677362869,14.7344476190476,28.4173428571429,3.53734285714286,4.96303846153846,1303.01116301916
1379598640,17.0571153846154,8.0882144753183,14.4746,29.67531,3.65655,4.98936,1229.56276983786
1379602240,16.6326666666667,8.10359294805463,15.4091869158879,26.051046728972,3.31639252336449,5.03415384615385,1089.98692792963
1379605840,16.0258181818182,8.08902522181859,17.0453823529412,18.5728725490196,2.53027450980392,5.1214,942.504410275396
1379609440,15.2946666666667,8.05546862385189,18.5382254901961,11.8397156862745,1.73388235294118,5.26444,816.402609315448
1379613040,14.6597142857143,8.01143052094269,18.6920380952381,10.4426666666667,1.54744761904762,5.18844444444444,742.583656529164
1379616640,14.2755925925926,7.963795187738,19.2051111111111,7.5149,1.15691111111111,5.17434782608696,739.29086188181
1379620240,14.2790333333333,7.93791583961166,19.4700266666667,5.62448,0.889386666666667,5.18415,752.797203989057
1379623840,14.6722962962963,7.95433172149324,19.5831037735849,4.56680188679245,0.734603773584906,5.22061538461538,708.222376465551
1379627440,15.2490769230769,7.98507133225267,18.8557570093458,8.09446728971963,1.22572897196262,5.12468965517241,695.167794449259
1379631040,16.10925,8.0041737815895,17.786,13.2137009345794,1.8802523364486,5.0395,864.997097874217
1379634640,16.5014814814815,8.03373577612431,16.7102803738318,18.9443177570093,2.55648598130841,4.98875862068966,1136.94424887086
1379638240,16.9397826086957,8.08008297265179,15.1459550561798,26.146797752809,3.31023595505618,5.06592592592593,1322.52810501606
1379641840,16.9917692307692,8.11402615147023,14.3419777777778,28.9070444444444,3.5602,5.06167857142857,1356.6546285644
1379645440,16.8069473684211,8.10524740178562,14.9278811881188,26.4452178217822,3.3250396039604,5.04096428571429,1188.74115453909
1379649040,16.2906,8.06606499139643,16.4929714285714,18.5010476190476,2.48822857142857,4.94977419354839,924.140013585533
1379652640,15.4566666666667,8.01452557232219,17.6712459016393,12.1077868852459,1.73511475409836,4.95146153846154,727.71200900324
1379656240,14.8238,7.96131971337214,18.2814615384615,9.98081730769231,1.47258653846154,4.99305263157895,666.523041100553
1379659840,14.4218,7.91522058621817,18.9501651376147,8.10971559633028,1.23464220183486,5.00935897435897,717.911429308356
1379663440,14.3270666666667,7.89372436996395,19.4262446808511,6.19956382978723,0.972425531914894,5.04831578947368,824.192365845976
1379667040,14.6586206896552,7.92141041336812,19.5309714285714,5.03644761904762,0.8038,5.10041025641026,860.387601846222
1379670640,15.2684333333333,7.95313784942863,18.9955833333333,7.77993518518519,1.18592592592593,5.0298717948718,835.121370516631
1379674240,15.9496153846154,7.9510724518783,18.1558796296296,12.2459351851852,1.7694537037037,4.93055263157895,899.215343916299
1379677840,16.5638620689655,7.96734714105555,16.957619047619,18.6383619047619,2.53034285714286,4.90062162162162,1110.640629516
1379681440,17.06976,8.03322873883199,14.9784358974359,27.5309230769231,3.45541025641026,5.01765,1465.01194153479
1379685040,17.233,8.04761659613976,14.5386666666667,29.3725520833333,3.62826041666667,4.97308,1626.02017077426
1379688640,16.9985666666667,8.04164174840652,14.4993365384615,29.7591442307692,3.66795192307692,4.93922222222222,1644.93329586151
1379692240,16.4553666666667,8.04617658090046,15.805935483871,24.2099596774194,3.13595161290323,5.10558823529412,1395.78261646935
1379695840,15.7568666666667,8.03930646276733,17.51885,15.16635,2.1184,5.0353125,1010.29021953859
1379699440,14.9362857142857,8.00135671105587,18.032,12.1781428571429,1.76045112781955,5.03623529411765,791.390952951775
1379703040,14.4459642857143,7.94811163280085,18.6224257425743,9.22412871287129,1.38049504950495,5.03828125,770.832488006555
1379706640,14.1760769230769,7.90261286427401,19.03057,7.30339,1.12249,5.02526470588235,796.451896412957
1379710240,14.28525,7.887819052249,19.3842771084337,5.33049397590361,0.844566265060241,5.04848,802.557246123194
1379713840,14.7094230769231,7.89381241520308,19.3469368421053,5.55733684210526,0.876063157894737,5.00775862068966,783.611689494919
1379717440,15.4099666666667,7.90666084176211,18.6566355140187,9.26524299065421,1.38684112149533,4.9454,808.335063175521
1379721040,16.0475517241379,7.94194754548278,17.6457927927928,14.2806486486486,2.01638738738739,4.916,941.174381873307
1379724640,16.568125,8.00492790240543,16.6482621359223,19.8472718446602,2.66706796116505,5.10283870967742,1172.88260900575
1379728240,16.9379666666667,8.07383213408061,15.4263131313131,26.4980808080808,3.37383838383838,5.0821935483871,1430.38860187392
1379731840,16.9054666666667,8.116031205738,15.5492959183673,27.6708979591837,3.51921428571429,5.18506666666667,1477.5532625041
1379735440,16.5452666666667,8.10486879993409,16.1512547169811,23.1540188679245,3.03251886792453,5.15877419354839,1223.85384260162
1379739040,15.9855,8.04159084507981,16.8525555555556,17.7538333333333,2.42130555555556,4.97736666666667,894.111042961983
1379742640,15.3472,7.96077874237947,17.9409363636364,11.2238272727273,1.62847272727273,4.8678,694.741899646706
1379746240,14.7935454545455,7.90542077602076,18.4601818181818,9.09327272727273,1.35683636363636,4.90161290322581,680.198246761234
1379749840,14.5156153846154,7.89995395183774,18.7742432432432,7.06891891891892,1.08323423423423,4.9296,792.048607024227
1379753440,14.5845666666667,7.9277312552081,19.0409816513761,5.25562385321101,0.827229357798165,4.98026666666667,861.091921362751
1379757040,15.00504,7.94783200780514,19.1651182795699,4.83516129032258,0.767344086021505,5.0059696969697,842.416586232499
1379760640,15.6247894736842,7.96403990837331,18.2313962264151,9.97034905660377,1.47038679245283,4.952,840.741154306797
1379764240,16.18616,8.00295428886943,17.5279,13.850375,1.95664166666667,4.95755882352941,953.2001475104
1379767840,16.8116206896552,8.06563125292007,16.4757105263158,20.099850877193,2.68581578947368,5.04573529411765,1228.95243098076
1379771440,17.1654285714286,8.13765439005648,15.4772941176471,26.8115378151261,3.41378151260504,5.135,1550.08575378092
1379775040,17.1675333333333,8.17980120831257,15.3930612244898,28.5808367346939,3.61045918367347,5.22918181818182,1672.09609406444
1379778640,16.7854333333333,8.18089877405908,16.02925,25.4304193548387,3.29185483870968,5.25732432432432,1557.01697502694
1379782240,16.2016,8.15599129824905,16.8564838709677,19.4555887096774,2.63354032258065,5.19092105263158,1229.64384728053
1379785840,15.4687333333333,8.114868633795,17.9789349593496,12.5443170731707,1.80558536585366,5.17472222222222,907.45344759263
1379789440,14.809625,8.04778810234773,18.228696,10.647928,1.560976,5.08892105263158,779.474823462839
1379793040,14.3185862068966,7.9723845677081,18.6754411764706,7.82706617647059,1.18730882352941,5.03345,789.563270893556
1379796640,14.157275862069,7.91463027293411,18.8445303030303,6.80018181818182,1.04656818181818,4.99428205128205,824.838740378966
1379800240,14.36825,7.90052760439986,19.0432530120482,5.56824096385542,0.873060240963855,4.99025,823.766572337783
1379803840,NA,NA,NA,NA,NA,NA,NA
1379807440,15.6678125,7.97550844219277,18.1672857142857,10.0284693877551,1.47519387755102,4.94724137931034,858.70431856275
1379811040,16.1177,8.04126056795757,17.417776,14.787752,2.074392,4.97738461538462,1080.54755538745
1379814640,16.606,8.12316523320094,16.402452173913,21.836652173913,2.8931652173913,5.137,1459.95624470627
1379818240,16.8719333333333,8.17923707562312,15.7497280701754,26.5376403508772,3.40413157894737,5.24019444444444,1644.8197674114
1379821840,16.7666666666667,8.19701953625978,15.7843981481481,26.3595925925926,3.38637962962963,5.20805555555556,1538.10815365726
1379825440,16.3791851851852,8.17724994023085,16.3404247787611,21.1249292035398,2.80194690265487,5.10226470588235,1267.63046066441
1379829040,15.939,8.13101352897041,16.791775862069,17.7174137931035,2.41300862068966,5.01033333333333,986.264612592998
1379832640,15.2536956521739,8.06922537751576,17.6310948275862,11.5336896551724,1.65933620689655,4.91651428571429,810.537698622332
1379836240,14.9030666666667,8.01499312214551,18.0815892857143,8.7955625,1.30346428571429,4.93354838709677,769.8129480412
1379839840,14.7656,8.00385623454154,18.485036036036,6.55158558558559,1.00272972972973,4.9634,813.033302807255
1379843440,14.9732666666667,8.03642383340586,18.603775862069,5.88381034482759,0.910172413793103,4.94633333333333,882.520574365569
1379847040,15.4360333333333,8.069107147335,18.0834591836735,8.64708163265306,1.27986734693878,4.95745161290323,931.600147910637
1379850640,16.0071666666667,8.09640208404638,17.3454642857143,13.292119047619,1.87566666666667,5.00251851851852,1018.96740767022
1379854240,16.5679,8.13661720457058,16.5740925925926,19.3359351851852,2.60024074074074,5.04339285714286,1236.45796658864
1379857840,17.0161176470588,8.19295130104927,16.2220566037736,23.134179245283,3.03862264150943,5.11081481481482,1551.97206890104
1379861440,17.2208461538462,8.25062384505368,16.3145238095238,27.1612476190476,3.52109523809524,5.17980769230769,1835.85547166254
1379865040,17.0965,8.27799776537752,16.3406346153846,28.6897307692308,3.70166346153846,5.1904,1927.48142106884
1379868640,16.6641666666667,8.248751168016,16.5076442307692,23.9277788461538,3.15317307692308,5.16445454545455,1706.28755146995
1379872240,16.0705862068966,8.18909883812336,16.5963861386139,21.1105445544554,2.81937623762376,5.0784347826087,1326.40897977844
1379875840,15.5445454545455,8.13109019931575,17.4712277227723,13.2879504950495,1.88359405940594,5.07895454545455,986.204550328635
1379879440,14.7237142857143,8.06886283712733,17.9585428571429,9.94609523809524,1.45738095238095,5.06085714285714,800.773792402486
1379883040,14.4081333333333,7.99809088811742,18.4074854368932,7.37183495145631,1.11663106796117,5.01052380952381,770.767672613878
1379886640,14.3613333333333,7.95776653838243,18.698358490566,5.59548113207547,0.869783018867925,4.99712,798.870086072498
1379890240,14.6164,7.96326056649575,18.7865344827586,4.89364655172414,0.769629310344828,4.98177142857143,789.166466153904
1379893840,15.093652173913,7.98571336722492,18.4839795918367,6.83639795918367,1.0415,4.96233333333333,769.070648948642
1379897440,15.7171666666667,8.02517201037693,17.8655566037736,10.6747830188679,1.55096226415094,4.93057575757576,829.535812980387
1379901040,16.2352333333333,8.10373405617238,17.1769756097561,15.9299430894309,2.20885365853659,4.94547368421053,1099.23237850673
1379904640,16.6266,8.1832102210903,16.7680303030303,20.5667651515152,2.76400757575758,5.07313157894737,1417.74663434871
1379908240,16.7951333333333,8.2301912550533,16.5466290322581,25.0922661290323,3.29516935483871,5.002,1526.88777309477
1379911840,16.6533,8.22989024831675,16.65932,21.975632,2.92928,5.01223684210526,1377.00203854328
1379915440,16.2945333333333,8.19058434324057,16.896488,18.135992,2.471944,4.99868421052632,1117.3763308116
1379919040,15.8183666666667,8.11989963314429,17.315824,13.711744,1.929768,4.89771052631579,875.973094139779
1379922640,15.3848,8.04202879533605,17.690232,10.142008,1.47656,4.89607894736842,749.968793343618
1379926240,15.0933333333333,7.98922845364136,18.004504,8.359336,1.242464,4.96092105263158,783.621993064153
1379929840,15.0704666666667,7.98673556038011,18.3612721518987,6.65870253164557,1.01545569620253,4.99142105263158,896.311486318473
1379933440,15.3605,8.02414757733493,18.4776,5.926656,0.913752,4.98489473684211,948.580638877209
1379937040,15.8011,8.06935471575693,17.84,10.5613524590164,1.53405737704918,4.94639473684211,994.627709793254
1379940640,16.3165,8.1177137052688,17.4237623762376,14.4345841584158,2.02950495049505,4.93918421052632,1120.37751539236
1379944240,16.7625333333333,8.16803051426094,17.1050625,18.8586607142857,2.57301785714286,5.03486842105263,1351.73278195204
1379947840,17.0670666666667,8.20108481693175,16.7982627118644,22.769313559322,3.03458474576271,5.10610810810811,1568.29679020179
1379951440,17.1367058823529,8.21378607425603,16.701488,24.035648,3.18048,5.06727272727273,1601.89126485232
1379955040,16.8884761904762,8.21895602127384,16.8201711711712,22.6194774774775,3.01595495495495,5.10276,1460.87625085396
1379958640,16.3916896551724,8.21154130733884,17.3406181818182,17.4039181818182,2.40471818181818,5.16877777777778,1246.17734517584
1379962240,15.8028,8.18549365995274,17.5663148148148,14.3407685185185,2.01969444444444,5.14248,1027.43710526043
1379965840,15.2045333333333,8.13407902075719,17.9840517241379,9.39294827586207,1.38409482758621,5.14527586206897,834.237251211557
1379969440,14.7362,8.06803166186559,18.177850877193,7.81778947368421,1.17340350877193,5.07351851851852,751.807310982925
1379973040,14.4986428571429,8.00818044442822,18.3873409090909,6.24684090909091,0.957075757575758,4.99738709677419,774.179213063627
1379976640,14.4934333333333,7.99059497247797,18.42192,5.561544,0.860072,4.98318421052632,785.047568933257
1379980240,14.8154666666667,8.01524174611388,18.4536470588235,4.78059663865546,0.747613445378151,4.99716666666667,772.707687067405
1379983840,15.2976,8.06275848350038,18.1630438596491,7.35062280701754,1.10547368421053,4.95466666666667,803.995054036215
1379987440,15.795,8.10491601941394,17.7263861386139,10.6823069306931,1.54882178217822,4.95965625,928.642150268652
1379991040,16.2122777777778,8.15245463481931,17.2970296296296,15.4599777777778,2.1556,5.00184615384615,1141.38596473174
1379994640,16.5133333333333,8.20477834577659,16.9650476190476,19.0308253968254,2.58721428571429,5.15064102564103,1287.67777405099
1379998240,16.5877,8.22284396904328,16.7948306451613,20.9541451612903,2.81391935483871,5.14123684210526,1263.83507107344
1380001840,16.4070333333333,8.20818266157822,17.027312,16.5822,2.282496,5.07081578947368,1093.80937508837
1380005440,16.0754333333333,8.18898331021579,17.285152,12.658504,1.79452,4.97889473684211,883.493271770463
1380009040,15.6518666666667,8.14472145831225,17.5242142857143,9.65139682539682,1.40196031746032,4.91441025641026,769.523501789871
1380012640,15.3197666666667,8.07514663725456,17.6764206349206,7.21199206349206,1.07688095238095,4.97374358974359,779.808962543652
1380016240,15.1689333333333,8.0521029732766,18.053856,5.695248,0.872016,5.00839473684211,862.851455230281
1380019840,15.2907333333333,8.08317670645261,18.4242,4.766056,0.74492,5.01939473684211,928.260767978563
1380023440,15.5912,8.11171243384332,18.516712,4.873464,0.76212,5.02197368421053,950.415987523841
1380027040,15.9916153846154,8.13095646985279,17.9163679245283,10.0755849056604,1.47266981132075,5.00610526315789,1002.08119830131
1380030640,16.4753529411765,8.15926528191095,17.2901224489796,15.9330918367347,2.21427551020408,5.03363157894737,1093.88762393835
1380034240,16.7804074074074,8.19031517003644,16.9492613636364,19.8923409090909,2.69271590909091,5.1249,1181.59230182729
1380037840,16.9589666666667,8.20975848182171,16.7177037037037,22.3381944444444,2.9770462962963,5.14413636363636,1215.05798061649
1380041440,16.9016666666667,8.21569771439431,16.8028897058824,21.5436397058824,2.88516176470588,5.1825,1176.05373673913
1380045040,16.5936,8.21086947660417,17.3535046728972,15.2722523364486,2.12709345794393,5.2303,1046.2027693185
1380048640,16.1265,8.20709989369368,17.6315966386555,12.4361512605042,1.77810924369748,5.211,897.090037332607
1380052240,15.5636666666667,8.18823433572809,17.8264705882353,8.82972549019608,1.30230392156863,5.23047368421053,793.813709245305
1380055840,15.0539666666667,8.13559289592859,18.0003551401869,6.9958785046729,1.0545046728972,5.18845,785.881486625448
1380059440,14.7074347826087,8.0758410380907,18.1894074074074,6.0245462962963,0.921740740740741,5.0997619047619,802.475335122664
1380063040,14.5012857142857,8.0435171223953,18.2271652173913,5.8634347826087,0.899626086956522,5.06157142857143,801.910783277069
1380066640,14.6250333333333,8.04349054301451,18.3465925925926,4.77266666666667,0.744509259259259,5.06571428571429,776.520506033696
1380070240,14.8754736842105,8.06824388079961,18.2759669421488,4.87792561983471,0.758785123966942,5.045,759.835518373235
1380073840,15.4157619047619,8.09553671728727,18.0265326086957,7.10619565217391,1.06979347826087,5.05366666666667,793.07079497059
1380077440,15.6747777777778,8.11060309433183,17.7127254901961,10.1933333333333,1.4821862745098,5.05355,859.7633128492
1380081040,NA,NA,NA,NA,NA,NA,NA
1380084640,NA,NA,NA,NA,NA,NA,NA
1380088240,NA,NA,NA,NA,NA,NA,NA
1380091840,NA,NA,NA,NA,NA,NA,NA
1380095440,NA,NA,NA,NA,NA,NA,NA
1380099040,NA,NA,NA,NA,NA,NA,NA
1380102640,NA,NA,NA,NA,NA,NA,NA
1380106240,NA,NA,NA,NA,NA,NA,NA
1380109840,NA,NA,NA,NA,NA,NA,NA
1380113440,NA,NA,NA,NA,NA,NA,NA
1380117040,16.154,8.09397476169271,18.1392976190476,11.6127976190476,1.68902380952381,5.15446153846154,978.640159683531
1380120640,16.42572,8.10804831566186,17.8761162790698,14.2866860465116,2.03079069767442,5.20642857142857,971.759490537747
1380124240,16.679,8.13011246762442,17.6482429906542,17.8259345794393,2.47268224299065,5.13162962962963,967.296810948533
1380127840,16.7703157894737,8.15291624299513,17.6415333333333,18.1771833333333,2.5184,5.18516666666667,963.661482115047
1380131440,16.655,8.16591892276155,18.1128831168831,13.4782597402597,1.93523376623377,5.3361,952.118647714464
1380135040,16.3198,8.1492125295674,18.6676428571429,7.90778571428571,1.19814285714286,5.40795,931.388604558863
1380138640,15.9072666666667,8.12035177862956,18.7456976744186,6.40676744186046,0.987744186046512,5.43915384615385,909.460666700746
1380142240,15.5285714285714,NA,NA,NA,NA,NA,NA
1380145840,14.9967333333333,NA,NA,NA,NA,NA,NA
1380149440,14.7330333333333,8.00275899547935,18.8121851851852,5.10416666666667,0.801018518518518,5.16571428571429,830.613094426672
1380153040,14.6731666666667,8.01232673306603,18.793975308642,4.95295061728395,0.778481481481481,5.14254166666667,827.394066498553
1380156640,14.7903333333333,8.04145481637591,18.7441785714286,4.37770238095238,0.693059523809524,5.14041666666667,835.395335664331
1380160240,15.0531333333333,8.06958025113526,18.5619879518072,3.93772289156627,0.625180722891566,5.15911111111111,855.901472116965
1380163840,15.382,8.07871590435648,18.2212564102564,6.38757692307692,0.971051282051282,5.15373333333333,887.689352151262
1380167440,15.7257333333333,8.07508993095124,18.2317631578947,8.58768421052632,1.28035526315789,5.06641666666667,917.675545896811
1380171040,16.0342666666667,8.0783402932056,18.0374615384615,10.7475512820513,1.56919230769231,5.03525,932.468053668913
1380174640,16.2246363636364,8.10060426055412,17.79875,11.232775,1.6261125,5.03864516129032,921.74981892199
1380178240,16.2768461538462,8.13495403716228,17.8024647887324,10.6615070422535,1.55014084507042,5.07824137931035,899.645402514167
1380181840,16.1567894736842,8.17056782569966,17.5695909090909,8.97940909090909,1.31568181818182,5.11233333333333,891.053947337568
1380185440,15.9353,8.19975284400407,17.6805625,6.8334125,1.024475,5.174875,916.045566644225
1380189040,15.6953214285714,8.2241122633258,17.8352089552239,5.39726865671642,0.824940298507463,5.20781481481481,968.957480888252
1380192640,15.5586363636364,8.24573441492894,18.3042619047619,4.17184523809524,0.655821428571429,5.29711428571429,1032.53565860318
1380196240,15.5205333333333,8.2603396611581,18.3833703703704,4.3311975308642,0.680703703703704,5.31632352941176,1095.04564068662
1380199840,15.6363666666667,8.25962163757708,18.6482948717949,3.79034615384615,0.604282051282051,5.3535,1152.5235269324
1380203440,15.8266,8.23646307378113,18.4880361445783,5.46159036144578,0.842927710843373,5.33448571428571,1211.52295638542
1380207040,16.0889,8.2008356459881,18.1834470588235,8.20043529411765,1.22434117647059,5.32335135135135,1272.11947367041
1380210640,16.3774,8.17795875016791,17.9723648648649,10.1779594594595,1.48191891891892,5.27225806451613,1298.23097009544
1380214240,16.5718,8.18623062042258,17.5665180722892,13.1590722891566,1.87087951807229,5.22963636363636,1253.96386144064
1380217840,16.6269666666667,8.22268053319282,17.5775119047619,12.6967142857143,1.81117857142857,5.21994285714286,1121.40833993749
1380221440,16.5156,8.25904294182525,17.9531931818182,9.50125,1.39523863636364,5.39490909090909,983.091339012174
1380225040,16.2489666666667,8.27993182880081,18.2688625,6.670625,1.0150125,5.55641935483871,893.434482826336
1380228640,15.8518666666667,8.27941863511815,18.3297976190476,6.21321428571429,0.951154761904762,5.53140625,887.646022248169
1380232240,15.4243333333333,8.26519103801789,18.3771807228916,4.91496385542169,0.765120481927711,5.43340625,912.859975207725
1380235840,15.0488,8.24305623324893,18.2399242424242,4.88780303030303,0.759575757575758,5.41617857142857,915.985555431259
1380239440,14.8263,8.22095817161928,18.0708958333333,5.23145833333333,0.8061875,5.401375,891.066999208889
1380243040,14.7469666666667,8.1993420406665,18.0154603174603,5.69871428571429,0.871920634920635,5.28447826086957,860.205480180608
1380246640,14.8535333333333,8.18202233495643,18.0811184210526,4.69969736842105,0.729342105263158,5.23961538461538,856.372942954329
1380250240,15.0659230769231,8.17150458323913,18.1235,4.00495833333333,0.628979166666667,5.22561111111111,878.323837848947
1380253840,15.3650666666667,8.16618793013755,18.0130285714286,5.22281428571429,0.803214285714286,5.1864,949.639669874033
1380257440,15.6960333333333,8.16706120880419,17.69559375,8.72490625,1.284859375,5.12,1016.59624585103
1380261040,15.9934333333333,8.17107892804042,17.5669090909091,9.68212727272727,1.41025454545455,5.06345,1070.29618490288
1380264640,16.1869,8.17618001593616,17.303803030303,12.1460606060606,1.72827272727273,5.03735,1099.42175305505
1380268240,16.2577,8.18010893785121,17.1249855072464,13.4620289855072,1.89184057971014,5.0047,1091.35587794419
1380271840,16.1989411764706,8.18331011551146,17.2536811594203,11.4067246376812,1.62839130434783,5.052,1038.58153528328
1380275440,16.0317666666667,8.18867154841333,17.305,10.3498955223881,1.4915671641791,5.07936842105263,981.525855184766
1380279040,15.8438,8.1971003158059,17.3361914893617,9.69918085106383,1.4056914893617,5.1265,995.905916020273
1380282640,15.6822666666667,8.21221165108283,17.2913913043478,8.27530434782609,1.2124347826087,5.2079,1170.21676329793
1380286240,15.6346666666667,8.22669181348913,17.3085507246377,8.90224637681159,1.29731884057971,5.1834,1443.82902770159
1380289840,15.6840434782609,8.2373895065295,17.3836666666667,7.96257971014493,1.17247826086957,5.24265,1709.68694794212
1380293440,15.9068333333333,8.23969730499801,17.5645797101449,7.19876811594203,1.0721884057971,5.2816,1863.16626116577
1380297040,16.0157083333333,8.23522806518284,17.6857826086957,6.7511884057971,1.01220289855072,5.3279,1875.2168513012
1380300640,16.3915,8.22929229337027,17.49196875,7.44278125,1.103953125,5.35355,1746.77336432501
1380304240,16.4664,8.22751593723492,17.4557719298246,7.68124561403509,1.13570175438596,5.32285,1485.25061685318
1380307840,16.5273461538462,8.2342261099833,17.2665254237288,10.2992372881356,1.48310169491525,5.18325,1168.20601280311
1380311440,16.4570555555556,8.24598799453565,17.1891666666667,10.952,1.56666666666667,5.14763157894737,923.405454144146
1380315040,16.2086428571429,8.25684386509185,17.3581060606061,8.74863636363636,1.27734848484848,5.22973684210526,824.83703735448
1380318640,15.8703333333333,8.25996091037463,17.4309855072464,7.35249275362319,1.09007246376812,5.2566,852.144860496597
1380322240,15.4884666666667,8.25284387932901,17.5828333333333,5.3529696969697,0.8145,5.29205263157895,907.293840443915
1380325840,15.1615,8.23793221775085,17.5632739726027,5.54704109589041,0.841698630136986,5.26771428571429,901.230719378722
1380329440,14.9330333333333,8.21938120307299,17.5228484848485,5.33013636363636,0.810075757575758,5.27268421052632,841.200822130157
1380333040,14.854,8.20044360459093,17.6130857142857,5.51091428571429,0.837214285714286,5.19045,788.50156859023
1380336640,14.9276333333333,8.18376915052315,17.6469130434783,5.29065217391304,0.806898550724638,5.16565,797.310276730215
1380340240,15.1419666666667,8.17135960631972,17.6133043478261,4.37968115942029,0.675927536231884,5.19745,862.738036635108
1380343840,15.3951,8.16592192893189,17.5159019607843,5.7956862745098,0.87543137254902,5.16257142857143,954.586528434873
1380347440,15.7532,8.16686551916028,17.260393442623,9.5293606557377,1.3764262295082,5.0142,1026.44158635276
1380351040,16.0606666666667,8.17150434027739,16.8661886792453,14.5291132075472,2.0162641509434,4.91927777777778,1079.92743457631
1380354640,16.2939333333333,8.17752299941719,16.7733623188406,14.3679565217391,1.9921884057971,4.9567,1110.43372672359
1380358240,16.3678666666667,8.1819692199595,16.4994242424242,18.293803030303,2.46928787878788,4.93657894736842,1115.09614642694
1380361840,16.3073,8.18407911732398,16.4250151515152,19.1237121212121,2.56766666666667,4.92752631578947,1100.25569468674
1380365440,16.1577,8.18451782218111,16.3448767123288,20.2680684931507,2.70171232876712,4.89185714285714,1074.75880357696
1380369040,15.9708,8.18406440116841,15.9469545454545,25.3060757575758,3.27569696969697,4.73,1045.87816951581
1380372640,15.8546666666667,8.18368323004615,15.9274444444444,25.4262222222222,3.2885,4.7208,1028.00046889655
1380376240,NA,NA,NA,NA,NA,NA,NA
1380379840,NA,NA,NA,NA,NA,NA,NA
1380383440,NA,NA,NA,NA,NA,NA,NA
1380387040,NA,NA,NA,NA,NA,NA,NA
1380390640,NA,NA,NA,NA,NA,NA,NA
1380394240,NA,NA,NA,NA,NA,NA,NA
1380397840,NA,NA,NA,NA,NA,NA,NA
1380401440,NA,NA,NA,NA,NA,NA,NA
1380405040,NA,NA,NA,NA,NA,NA,NA
1380408640,NA,NA,NA,NA,NA,NA,NA
1380412240,NA,NA,NA,NA,NA,NA,NA
1380415840,NA,NA,NA,NA,NA,NA,NA
1380419440,NA,NA,NA,NA,NA,NA,NA
1380423040,NA,NA,NA,NA,NA,NA,NA
1380426640,NA,NA,NA,NA,NA,NA,NA
1380430240,NA,NA,NA,NA,NA,NA,NA
1380433840,NA,NA,NA,NA,NA,NA,NA
1380437440,NA,NA,NA,NA,NA,NA,NA
1380441040,NA,NA,NA,NA,NA,NA,NA
1380444640,NA,NA,NA,NA,NA,NA,NA
1380448240,NA,NA,NA,NA,NA,NA,NA
1380451840,NA,NA,NA,NA,NA,NA,NA
1380455440,NA,NA,NA,NA,NA,NA,NA
1380459040,NA,NA,NA,NA,NA,NA,NA
1380462640,NA,NA,NA,NA,NA,NA,NA
1380466240,NA,NA,NA,NA,NA,NA,NA
1380469840,NA,NA,NA,NA,NA,NA,NA
1380473440,NA,NA,NA,NA,NA,NA,NA
1380477040,NA,NA,NA,NA,NA,NA,NA
1380480640,NA,NA,NA,NA,NA,NA,NA
1380484240,NA,NA,NA,NA,NA,NA,NA
1380487840,NA,NA,NA,NA,NA,NA,NA
1380491440,NA,NA,NA,NA,NA,NA,NA
1380495040,NA,NA,NA,NA,NA,NA,NA
1380498640,NA,NA,NA,NA,NA,NA,NA
1380502240,NA,NA,NA,NA,NA,NA,NA
1380505840,NA,NA,NA,NA,NA,NA,NA
1380509440,NA,NA,NA,NA,NA,NA,NA
1380513040,NA,NA,NA,NA,NA,NA,NA
1380516640,NA,NA,NA,NA,NA,NA,NA
1380520240,NA,NA,NA,NA,NA,NA,NA
1380523840,NA,NA,NA,NA,NA,NA,NA
1380527440,NA,NA,NA,NA,NA,NA,NA
1380531040,NA,NA,NA,NA,NA,NA,NA
1380534640,NA,NA,NA,NA,NA,NA,NA
1380538240,NA,NA,NA,NA,NA,NA,NA
1380541840,NA,NA,NA,NA,NA,NA,NA
1380545440,NA,NA,NA,NA,NA,NA,NA
1380549040,NA,NA,NA,NA,NA,NA,NA
1380552640,NA,NA,NA,NA,NA,NA,NA
1380556240,NA,NA,NA,NA,NA,NA,NA
1380559840,NA,NA,NA,NA,NA,NA,NA
1380563440,NA,NA,NA,NA,NA,NA,NA
1380567040,NA,NA,NA,NA,NA,NA,NA
1380570640,NA,NA,NA,NA,NA,NA,NA
1380574240,NA,NA,NA,NA,NA,NA,NA
1380577840,NA,NA,NA,NA,NA,NA,NA
1380581440,NA,NA,NA,NA,NA,NA,NA
1380585040,NA,NA,NA,NA,NA,NA,NA
1380588640,NA,8.25414336915636,16.0262121212121,5.92778787878788,0.864363636363636,5.322,743.032162112318
1380592240,15.6138,8.25415107899189,15.9796818181818,4.75854545454545,0.702590909090909,5.36218181818182,752.448699382666
1380595840,NA,NA,NA,NA,NA,NA,NA
1380599440,NA,NA,NA,NA,NA,NA,NA
1380603040,NA,NA,NA,NA,NA,NA,NA
1380606640,NA,NA,NA,NA,NA,NA,NA
1380610240,NA,NA,NA,NA,NA,NA,NA
1380613840,NA,NA,NA,NA,NA,NA,NA
1380617440,NA,NA,NA,NA,NA,NA,NA
1380621040,NA,NA,NA,NA,NA,NA,NA
1380624640,NA,8.24715994183005,15.65995,13.5991,1.84681666666667,5.405375,971.585848364947
1380628240,16.7416315789474,8.24611225888203,15.8297625,9.8168625,1.370725,5.46973684210526,988.617803236752
1380631840,16.4781,8.24425700670162,16.0332745098039,7.05252941176471,1.01591176470588,5.48718181818182,1004.80201588913
1380635440,16.0449655172414,8.23904883431848,16.0495714285714,6.43105952380952,0.932619047619048,5.44009523809524,1001.72238352801
1380639040,15.444,8.22625979451451,16.2278068181818,4.43286363636364,0.662034090909091,5.4652380952381,982.067237011547
1380642640,15.2103333333333,8.20154130783763,16.1275057471264,3.72250574712644,0.561183908045977,5.492,961.180167206157
1380646240,15.0622142857143,8.1717113710845,16.14156,3.07642666666667,0.469426666666667,5.45915,952.960029747155
1380649840,15.1603103448276,8.14548061864219,16.1071,2.9040875,0.4443875,5.44245,946.265354249088
1380653440,15.3945,8.135406162857,16.1621304347826,2.36988043478261,0.367532608695652,5.43495238095238,926.35198746396
1380657040,15.82125,8.14150522770036,16.0858777777778,3.87132222222222,0.580677777777778,5.4209,894.357979391703
1380660640,16.1836666666667,8.15981694717671,15.9803958333333,6.58922916666667,0.9518125,5.37863636363636,861.858258913129
1380664240,NA,8.18681500348382,15.7814949494949,11.0240101010101,1.52132323232323,5.32318181818182,837.547314757219
1380667840,16.8420714285714,8.21815962566842,15.6787752808989,11.9384269662921,1.6385393258427,5.47040909090909,824.052517921054
1380671440,16.7759333333333,8.25590377275007,15.7688901098901,8.2977032967033,1.1702967032967,5.47704,823.857281237089
1380675040,16.5054166666667,8.28593455735292,15.7785411764706,5.41615294117647,0.790070588235294,5.46044,837.460106461845
1380678640,15.90404,8.28031921831168,15.7397641509434,4.14707547169811,0.614896226415094,5.44106666666667,863.513139517719
1380682240,15.4145789473684,8.22154031772791,15.7969886363636,3.32323863636364,0.500011363636364,5.45921428571429,891.133269527012
1380685840,14.9952105263158,8.11847205167109,15.9303068181818,2.53245454545455,0.388897727272727,5.46067857142857,914.618007442857
1380689440,14.7213333333333,8.0287211481999,15.878625,2.4928,0.382675,5.45413793103448,927.693177567203
1380693040,14.658,8.00837133991493,15.9745507246377,1.81288405797101,0.284057971014493,5.46729032258065,938.448133228326
1380696640,15.179,8.06352597539645,15.94375,1.59494318181818,0.251522727272727,5.47461290322581,954.31919481874
1380700240,15.4173333333333,8.1343488615805,15.9029247311828,2.35252688172043,0.362354838709677,5.44922580645161,964.744785512022
1380703840,15.98445,8.16872423655097,15.8217391304348,4.56279347826087,0.670576086956522,5.41525806451613,949.977854002947
1380707440,16.2924615384615,8.16039514468471,15.6796451612903,8.92088172043011,1.2500752688172,5.33838709677419,909.998629357294
1380711040,16.8582,8.16198540566373,15.5242471910112,12.765191011236,1.73558426966292,5.31846666666667,869.174983726089
1380714640,16.871,8.2272153676421,15.4378829787234,12.6799787234043,1.72252127659574,5.48230303030303,843.746225146261
1380718240,16.6595294117647,8.32929962008032,15.5691847826087,7.20175,1.01885869565217,5.5545,838.667143653462
1380721840,16.1965789473684,8.38600917537479,15.6782471910112,4.65519101123595,0.684269662921348,5.52390909090909,850.456295225056
1380725440,15.5395,8.3209297897242,15.8049772727273,3.79321590909091,0.565704545454545,5.4902,866.376258776533
1380729040,15.246652173913,8.18449992256159,15.8460227272727,3.05436363636364,0.462579545454545,5.49254838709677,868.261183254002
1380732640,14.77575,8.06299287958392,15.8469529411765,2.97750588235294,0.451752941176471,5.4592,851.890088102146
1380736240,14.7894,8.05730017322048,15.8239324324324,2.21737837837838,0.342351351351351,5.45632,834.128236019729
1380739840,15.0188461538462,8.14874348445353,15.7685802469136,1.82154320987654,0.284037037037037,5.46459259259259,827.523201080266
